-- phpMyAdmin SQL Dump
-- version 5.2.1
-- https://www.phpmyadmin.net/
--
-- Host: 127.0.0.1
-- Generation Time: May 28, 2025 at 02:33 PM
-- Server version: 10.4.32-MariaDB
-- PHP Version: 8.2.12

SET SQL_MODE = "NO_AUTO_VALUE_ON_ZERO";
START TRANSACTION;
SET time_zone = "+00:00";


/*!40101 SET @OLD_CHARACTER_SET_CLIENT=@@CHARACTER_SET_CLIENT */;
/*!40101 SET @OLD_CHARACTER_SET_RESULTS=@@CHARACTER_SET_RESULTS */;
/*!40101 SET @OLD_COLLATION_CONNECTION=@@COLLATION_CONNECTION */;
/*!40101 SET NAMES utf8mb4 */;

--
-- Database: `db_inventory_management`
--

-- --------------------------------------------------------

--
-- Table structure for table `tbl_attribute_master`
--

CREATE TABLE `tbl_attribute_master` (
  `id` int(11) NOT NULL,
  `fk_product_type_id` int(11) DEFAULT NULL,
  `attribute_name` varchar(100) DEFAULT NULL,
  `attribute_type` varchar(100) DEFAULT NULL,
  `status` int(11) NOT NULL DEFAULT 1,
  `is_delete` enum('1','0') NOT NULL,
  `created_at` timestamp NOT NULL DEFAULT current_timestamp(),
  `updated_at` timestamp NOT NULL DEFAULT current_timestamp() ON UPDATE current_timestamp()
) ENGINE=InnoDB DEFAULT CHARSET=utf8mb4 COLLATE=utf8mb4_general_ci;

--
-- Dumping data for table `tbl_attribute_master`
--

INSERT INTO `tbl_attribute_master` (`id`, `fk_product_type_id`, `attribute_name`, `attribute_type`, `status`, `is_delete`, `created_at`, `updated_at`) VALUES
(1, 1, 'Flavour', 'dropdown', 1, '1', '2025-03-28 06:34:52', '2025-04-24 08:48:23'),
(2, 1, 'Bottle Size', 'dropdown', 1, '1', '2025-03-28 06:35:19', '2025-03-28 06:35:19'),
(3, 1, 'Bottle Type', 'dropdown', 1, '1', '2025-03-28 06:35:45', '2025-03-28 10:50:14'),
(4, 2, 'Seed Name', 'dropdown', 1, '1', '2025-05-23 05:39:26', '2025-05-28 11:59:38'),
(5, 2, 'Net Weight', 'dropdown', 1, '1', '2025-05-23 05:43:19', '2025-05-28 11:59:40');

-- --------------------------------------------------------

--
-- Table structure for table `tbl_attribute_values`
--

CREATE TABLE `tbl_attribute_values` (
  `id` int(11) NOT NULL,
  `fk_attribute_id` int(11) DEFAULT NULL,
  `attribute_value` varchar(255) DEFAULT NULL,
  `status` int(11) NOT NULL DEFAULT 1,
  `is_delete` enum('1','0') NOT NULL,
  `created_at` datetime NOT NULL DEFAULT current_timestamp(),
  `updated_at` datetime NOT NULL DEFAULT current_timestamp() ON UPDATE current_timestamp()
) ENGINE=InnoDB DEFAULT CHARSET=utf8mb4 COLLATE=utf8mb4_general_ci;

--
-- Dumping data for table `tbl_attribute_values`
--

INSERT INTO `tbl_attribute_values` (`id`, `fk_attribute_id`, `attribute_value`, `status`, `is_delete`, `created_at`, `updated_at`) VALUES
(1, 1, 'Neem', 1, '1', '2025-04-01 09:12:26', '2025-04-01 10:03:41'),
(2, 1, 'Tulsi', 1, '1', '2025-04-01 09:13:42', '2025-04-01 09:13:42'),
(3, 1, 'Himalayan', 1, '1', '2025-04-01 09:14:02', '2025-04-11 10:25:14'),
(4, 1, 'Ajwain', 1, '1', '2025-04-01 09:14:18', '2025-04-01 09:14:18'),
(5, 1, 'Acacia', 1, '1', '2025-04-01 09:14:57', '2025-04-01 09:14:57'),
(6, 1, 'Multiflora', 1, '1', '2025-04-01 09:15:08', '2025-04-01 09:15:08'),
(7, 1, 'Raw Organic', 1, '1', '2025-04-01 09:15:19', '2025-04-01 09:15:19'),
(8, 1, 'Forest', 1, '1', '2025-04-01 09:15:35', '2025-04-01 09:15:35'),
(9, 1, 'Natural Pure', 1, '1', '2025-04-01 09:16:13', '2025-04-01 09:16:13'),
(10, 1, 'Jamun', 1, '1', '2025-04-01 09:16:30', '2025-04-01 09:16:30'),
(11, 1, 'SIDR', 1, '1', '2025-04-01 09:16:43', '2025-04-01 09:16:43'),
(12, 1, 'Kashmir White', 1, '1', '2025-04-01 09:17:02', '2025-04-01 09:17:02'),
(13, 1, 'Eucalyptus', 1, '1', '2025-04-01 09:17:22', '2025-04-01 09:17:22'),
(14, 1, 'Rose Wood', 1, '1', '2025-04-01 09:17:38', '2025-04-01 09:17:38'),
(15, 1, 'Litchi', 1, '1', '2025-04-01 09:18:02', '2025-04-01 09:18:02'),
(16, 2, '250 g', 1, '1', '2025-04-01 16:36:05', '2025-04-11 15:05:57'),
(17, 2, '125 g', 1, '1', '2025-04-01 16:36:17', '2025-04-11 14:55:17'),
(18, 2, '500 g', 1, '1', '2025-04-01 16:36:26', '2025-04-01 16:36:26'),
(19, 3, 'Jar', 1, '1', '2025-04-01 16:36:39', '2025-05-22 17:32:59'),
(20, 3, 'Plastic', 1, '1', '2025-04-01 16:36:50', '2025-04-01 16:36:50'),
(21, 2, '400 g', 1, '1', '2025-04-11 14:55:30', '2025-04-11 14:56:00'),
(22, 4, 'FLAX SEEDS', 1, '1', '2025-05-23 11:17:06', '2025-05-23 11:17:06'),
(23, 4, 'PUMPKIN SEEDS', 1, '1', '2025-05-23 11:17:31', '2025-05-23 11:17:31'),
(24, 4, 'SUNFLOWER SEEDS', 1, '1', '2025-05-23 11:17:56', '2025-05-23 11:17:56'),
(25, 4, 'CHIA SEEDS', 1, '1', '2025-05-23 11:18:09', '2025-05-23 11:18:09'),
(26, 5, '200gm', 1, '1', '2025-05-23 11:19:08', '2025-05-23 11:19:08');

-- --------------------------------------------------------

--
-- Table structure for table `tbl_inventory_entry_type`
--

CREATE TABLE `tbl_inventory_entry_type` (
  `id` int(11) NOT NULL,
  `name` varchar(100) DEFAULT NULL,
  `is_delete` enum('1','0') NOT NULL,
  `created_at` datetime NOT NULL DEFAULT current_timestamp(),
  `updated_at` datetime NOT NULL DEFAULT current_timestamp() ON UPDATE current_timestamp()
) ENGINE=InnoDB DEFAULT CHARSET=utf8mb4 COLLATE=utf8mb4_general_ci;

--
-- Dumping data for table `tbl_inventory_entry_type`
--

INSERT INTO `tbl_inventory_entry_type` (`id`, `name`, `is_delete`, `created_at`, `updated_at`) VALUES
(1, 'Regular', '1', '2025-05-14 18:14:23', '2025-05-14 18:14:23'),
(2, 'Sample', '1', '2025-05-14 18:14:23', '2025-05-14 18:14:23'),
(3, 'Sale', '1', '2025-05-14 18:14:23', '2025-05-15 12:11:02'),
(4, 'Return', '1', '2025-05-14 18:14:23', '2025-05-15 12:11:07'),
(5, 'Damaged', '1', '2025-05-15 12:11:16', '2025-05-15 12:11:16');

-- --------------------------------------------------------

--
-- Table structure for table `tbl_permissions`
--

CREATE TABLE `tbl_permissions` (
  `id` int(11) NOT NULL,
  `fk_role_id` int(11) DEFAULT NULL,
  `fk_sidebar_id` int(11) DEFAULT NULL,
  `can_view` tinyint(1) DEFAULT 0,
  `can_add` tinyint(1) DEFAULT 0,
  `can_edit` tinyint(1) DEFAULT 0,
  `can_delete` tinyint(1) DEFAULT 0,
  `has_access` tinyint(1) DEFAULT 0,
  `created_at` datetime NOT NULL DEFAULT current_timestamp(),
  `updated_at` datetime NOT NULL DEFAULT current_timestamp() ON UPDATE current_timestamp()
) ENGINE=InnoDB DEFAULT CHARSET=utf8mb4 COLLATE=utf8mb4_general_ci;

--
-- Dumping data for table `tbl_permissions`
--

INSERT INTO `tbl_permissions` (`id`, `fk_role_id`, `fk_sidebar_id`, `can_view`, `can_add`, `can_edit`, `can_delete`, `has_access`, `created_at`, `updated_at`) VALUES
(1, 1, 1, 0, 0, 0, 0, 1, '2025-04-06 18:20:57', '2025-04-09 17:32:58'),
(2, 1, 2, 1, 1, 1, 1, 0, '2025-04-06 18:20:57', '2025-04-07 11:42:15'),
(3, 1, 3, 1, 1, 1, 1, 0, '2025-04-06 18:20:57', '2025-04-07 12:29:59'),
(4, 1, 4, 1, 1, 1, 1, 0, '2025-04-06 18:20:57', '2025-04-07 12:44:17'),
(5, 1, 5, 1, 1, 1, 1, 0, '2025-04-06 18:20:57', '2025-04-07 12:57:44'),
(6, 1, 6, 1, 1, 1, 1, 0, '2025-04-06 18:20:57', '2025-04-06 18:20:57'),
(7, 1, 7, 1, 1, 1, 1, 0, '2025-04-06 18:20:57', '2025-04-07 16:45:36'),
(8, 1, 8, 1, 1, 1, 1, 0, '2025-04-06 18:20:57', '2025-04-06 18:20:57'),
(9, 1, 9, 1, 1, 1, 1, 0, '2025-04-06 18:20:57', '2025-04-06 18:20:57'),
(10, 1, 10, 1, 0, 0, 0, 0, '2025-04-16 11:14:17', '2025-04-16 11:14:17'),
(11, 1, 11, 1, 1, 1, 1, 0, '2025-05-01 17:57:41', '2025-05-01 17:57:41'),
(12, 2, 1, 0, 0, 0, 0, 1, '2025-05-13 17:52:44', '2025-05-13 17:53:52'),
(13, 2, 7, 1, 1, 1, 1, 0, '2025-05-13 17:52:44', '2025-05-13 17:52:44'),
(14, 2, 8, 1, 1, 1, 1, 0, '2025-05-13 17:52:44', '2025-05-13 17:52:44'),
(15, 2, 10, 1, 1, 1, 1, 0, '2025-05-13 17:52:44', '2025-05-13 18:00:04'),
(16, 1, 12, 1, 0, 0, 0, 0, '2025-05-20 16:02:11', '2025-05-20 16:02:11'),
(17, 3, 1, 0, 0, 0, 0, 1, '2025-05-26 10:28:28', '2025-05-26 10:28:28'),
(18, 3, 7, 1, 0, 0, 0, 0, '2025-05-26 10:28:28', '2025-05-26 10:28:28'),
(19, 3, 8, 1, 0, 0, 0, 0, '2025-05-26 10:28:28', '2025-05-26 10:28:28'),
(20, 3, 10, 1, 0, 0, 0, 0, '2025-05-26 10:28:28', '2025-05-26 10:28:28');

-- --------------------------------------------------------

--
-- Table structure for table `tbl_product_attributes`
--

CREATE TABLE `tbl_product_attributes` (
  `id` bigint(20) NOT NULL,
  `fk_product_id` int(11) NOT NULL,
  `fk_product_types_id` int(11) NOT NULL,
  `fk_attribute_id` int(11) NOT NULL,
  `fk_attribute_value_id` int(11) NOT NULL,
  `status` int(11) NOT NULL DEFAULT 1,
  `is_delete` enum('1','0') NOT NULL,
  `created_at` timestamp NOT NULL DEFAULT current_timestamp(),
  `updated_at` timestamp NOT NULL DEFAULT current_timestamp() ON UPDATE current_timestamp()
) ENGINE=InnoDB DEFAULT CHARSET=utf8mb4 COLLATE=utf8mb4_general_ci;

--
-- Dumping data for table `tbl_product_attributes`
--

INSERT INTO `tbl_product_attributes` (`id`, `fk_product_id`, `fk_product_types_id`, `fk_attribute_id`, `fk_attribute_value_id`, `status`, `is_delete`, `created_at`, `updated_at`) VALUES
(1, 1, 1, 1, 1, 1, '1', '2025-05-28 08:42:28', '2025-05-28 08:42:28'),
(2, 1, 1, 2, 16, 1, '1', '2025-05-28 08:42:28', '2025-05-28 08:42:28'),
(3, 1, 1, 3, 19, 1, '1', '2025-05-28 08:42:28', '2025-05-28 08:42:28'),
(4, 2, 1, 1, 1, 1, '1', '2025-05-28 08:42:29', '2025-05-28 08:42:29'),
(5, 2, 1, 2, 18, 1, '1', '2025-05-28 08:42:29', '2025-05-28 08:42:29'),
(6, 2, 1, 3, 19, 1, '1', '2025-05-28 08:42:29', '2025-05-28 08:42:29'),
(7, 3, 1, 1, 4, 1, '1', '2025-05-28 08:42:29', '2025-05-28 08:42:29'),
(8, 3, 1, 2, 16, 1, '1', '2025-05-28 08:42:29', '2025-05-28 08:42:29'),
(9, 3, 1, 3, 19, 1, '1', '2025-05-28 08:42:29', '2025-05-28 08:42:29'),
(10, 4, 1, 1, 4, 1, '1', '2025-05-28 08:42:30', '2025-05-28 08:42:30'),
(11, 4, 1, 2, 18, 1, '1', '2025-05-28 08:42:30', '2025-05-28 08:42:30'),
(12, 4, 1, 3, 19, 1, '1', '2025-05-28 08:42:30', '2025-05-28 08:42:30'),
(13, 5, 1, 1, 2, 1, '1', '2025-05-28 08:42:30', '2025-05-28 08:42:30'),
(14, 5, 1, 2, 16, 1, '1', '2025-05-28 08:42:30', '2025-05-28 08:42:30'),
(15, 5, 1, 3, 19, 1, '1', '2025-05-28 08:42:30', '2025-05-28 08:42:30'),
(16, 6, 1, 1, 2, 1, '1', '2025-05-28 08:42:30', '2025-05-28 08:42:30'),
(17, 6, 1, 2, 18, 1, '1', '2025-05-28 08:42:30', '2025-05-28 08:42:30'),
(18, 6, 1, 3, 19, 1, '1', '2025-05-28 08:42:30', '2025-05-28 08:42:30'),
(19, 7, 1, 1, 5, 1, '1', '2025-05-28 08:42:31', '2025-05-28 08:42:31'),
(20, 7, 1, 2, 16, 1, '1', '2025-05-28 08:42:31', '2025-05-28 08:42:31'),
(21, 7, 1, 3, 19, 1, '1', '2025-05-28 08:42:31', '2025-05-28 08:42:31'),
(22, 8, 1, 1, 5, 1, '1', '2025-05-28 08:42:31', '2025-05-28 08:42:31'),
(23, 8, 1, 2, 18, 1, '1', '2025-05-28 08:42:31', '2025-05-28 08:42:31'),
(24, 8, 1, 3, 19, 1, '1', '2025-05-28 08:42:31', '2025-05-28 08:42:31'),
(25, 9, 1, 1, 5, 1, '1', '2025-05-28 08:42:31', '2025-05-28 08:42:31'),
(26, 9, 1, 2, 21, 1, '1', '2025-05-28 08:42:31', '2025-05-28 08:42:31'),
(27, 9, 1, 3, 19, 1, '1', '2025-05-28 08:42:32', '2025-05-28 08:42:32'),
(28, 10, 1, 1, 5, 1, '1', '2025-05-28 08:42:32', '2025-05-28 08:42:32'),
(29, 10, 1, 2, 17, 1, '1', '2025-05-28 08:42:32', '2025-05-28 08:42:32'),
(30, 10, 1, 3, 19, 1, '1', '2025-05-28 08:42:32', '2025-05-28 08:42:32'),
(31, 11, 1, 1, 6, 1, '1', '2025-05-28 08:42:33', '2025-05-28 08:42:33'),
(32, 11, 1, 2, 16, 1, '1', '2025-05-28 08:42:33', '2025-05-28 08:42:33'),
(33, 11, 1, 3, 19, 1, '1', '2025-05-28 08:42:33', '2025-05-28 08:42:33'),
(34, 12, 1, 1, 6, 1, '1', '2025-05-28 08:42:34', '2025-05-28 08:42:34'),
(35, 12, 1, 2, 18, 1, '1', '2025-05-28 08:42:34', '2025-05-28 08:42:34'),
(36, 12, 1, 3, 19, 1, '1', '2025-05-28 08:42:34', '2025-05-28 08:42:34'),
(37, 13, 1, 1, 6, 1, '1', '2025-05-28 08:42:34', '2025-05-28 08:42:34'),
(38, 13, 1, 2, 21, 1, '1', '2025-05-28 08:42:34', '2025-05-28 08:42:34'),
(39, 13, 1, 3, 19, 1, '1', '2025-05-28 08:42:34', '2025-05-28 08:42:34'),
(40, 14, 1, 1, 6, 1, '1', '2025-05-28 08:42:34', '2025-05-28 08:42:34'),
(41, 14, 1, 2, 17, 1, '1', '2025-05-28 08:42:34', '2025-05-28 08:42:34'),
(42, 14, 1, 3, 19, 1, '1', '2025-05-28 08:42:34', '2025-05-28 08:42:34'),
(43, 15, 1, 1, 3, 1, '1', '2025-05-28 08:42:35', '2025-05-28 08:42:35'),
(44, 15, 1, 2, 16, 1, '1', '2025-05-28 08:42:35', '2025-05-28 08:42:35'),
(45, 15, 1, 3, 19, 1, '1', '2025-05-28 08:42:35', '2025-05-28 08:42:35'),
(46, 16, 1, 1, 3, 1, '1', '2025-05-28 08:42:35', '2025-05-28 08:42:35'),
(47, 16, 1, 2, 18, 1, '1', '2025-05-28 08:42:35', '2025-05-28 08:42:35'),
(48, 16, 1, 3, 19, 1, '1', '2025-05-28 08:42:35', '2025-05-28 08:42:35'),
(49, 17, 1, 1, 7, 1, '1', '2025-05-28 08:42:35', '2025-05-28 08:42:35'),
(50, 17, 1, 2, 16, 1, '1', '2025-05-28 08:42:35', '2025-05-28 08:42:35'),
(51, 17, 1, 3, 19, 1, '1', '2025-05-28 08:42:36', '2025-05-28 08:42:36'),
(52, 18, 1, 1, 7, 1, '1', '2025-05-28 08:42:36', '2025-05-28 08:42:36'),
(53, 18, 1, 2, 18, 1, '1', '2025-05-28 08:42:36', '2025-05-28 08:42:36'),
(54, 18, 1, 3, 19, 1, '1', '2025-05-28 08:42:36', '2025-05-28 08:42:36'),
(55, 19, 1, 1, 10, 1, '1', '2025-05-28 08:42:36', '2025-05-28 08:42:36'),
(56, 19, 1, 2, 16, 1, '1', '2025-05-28 08:42:36', '2025-05-28 08:42:36'),
(57, 19, 1, 3, 19, 1, '1', '2025-05-28 08:42:36', '2025-05-28 08:42:36'),
(58, 20, 1, 1, 10, 1, '1', '2025-05-28 08:42:37', '2025-05-28 08:42:37'),
(59, 20, 1, 2, 18, 1, '1', '2025-05-28 08:42:37', '2025-05-28 08:42:37'),
(60, 20, 1, 3, 19, 1, '1', '2025-05-28 08:42:37', '2025-05-28 08:42:37'),
(61, 21, 1, 1, 15, 1, '1', '2025-05-28 08:42:37', '2025-05-28 08:42:37'),
(62, 21, 1, 2, 16, 1, '1', '2025-05-28 08:42:37', '2025-05-28 08:42:37'),
(63, 21, 1, 3, 19, 1, '1', '2025-05-28 08:42:38', '2025-05-28 08:42:38'),
(64, 22, 1, 1, 15, 1, '1', '2025-05-28 08:42:38', '2025-05-28 08:42:38'),
(65, 22, 1, 2, 18, 1, '1', '2025-05-28 08:42:38', '2025-05-28 08:42:38'),
(66, 22, 1, 3, 19, 1, '1', '2025-05-28 08:42:38', '2025-05-28 08:42:38'),
(67, 23, 1, 1, 9, 1, '1', '2025-05-28 08:42:38', '2025-05-28 08:42:38'),
(68, 23, 1, 2, 16, 1, '1', '2025-05-28 08:42:38', '2025-05-28 08:42:38'),
(69, 23, 1, 3, 19, 1, '1', '2025-05-28 08:42:38', '2025-05-28 08:42:38'),
(70, 24, 1, 1, 9, 1, '1', '2025-05-28 08:42:39', '2025-05-28 08:42:39'),
(71, 24, 1, 2, 18, 1, '1', '2025-05-28 08:42:39', '2025-05-28 08:42:39'),
(72, 24, 1, 3, 19, 1, '1', '2025-05-28 08:42:39', '2025-05-28 08:42:39'),
(73, 25, 1, 1, 8, 1, '1', '2025-05-28 08:42:39', '2025-05-28 08:42:39'),
(74, 25, 1, 2, 16, 1, '1', '2025-05-28 08:42:39', '2025-05-28 08:42:39'),
(75, 25, 1, 3, 19, 1, '1', '2025-05-28 08:42:39', '2025-05-28 08:42:39'),
(76, 26, 1, 1, 8, 1, '1', '2025-05-28 08:42:40', '2025-05-28 08:42:40'),
(77, 26, 1, 2, 18, 1, '1', '2025-05-28 08:42:40', '2025-05-28 08:42:40'),
(78, 26, 1, 3, 19, 1, '1', '2025-05-28 08:42:40', '2025-05-28 08:42:40'),
(79, 27, 1, 1, 8, 1, '1', '2025-05-28 08:42:40', '2025-05-28 08:42:40'),
(80, 27, 1, 2, 21, 1, '1', '2025-05-28 08:42:40', '2025-05-28 08:42:40'),
(81, 27, 1, 3, 19, 1, '1', '2025-05-28 08:42:40', '2025-05-28 08:42:40'),
(82, 28, 1, 1, 8, 1, '1', '2025-05-28 08:42:40', '2025-05-28 08:42:40'),
(83, 28, 1, 2, 17, 1, '1', '2025-05-28 08:42:40', '2025-05-28 08:42:40'),
(84, 28, 1, 3, 19, 1, '1', '2025-05-28 08:42:40', '2025-05-28 08:42:40'),
(85, 29, 1, 1, 12, 1, '1', '2025-05-28 08:42:41', '2025-05-28 08:42:41'),
(86, 29, 1, 2, 16, 1, '1', '2025-05-28 08:42:41', '2025-05-28 08:42:41'),
(87, 29, 1, 3, 19, 1, '1', '2025-05-28 08:42:41', '2025-05-28 08:42:41'),
(88, 30, 1, 1, 12, 1, '1', '2025-05-28 08:42:41', '2025-05-28 08:42:41'),
(89, 30, 1, 2, 18, 1, '1', '2025-05-28 08:42:41', '2025-05-28 08:42:41'),
(90, 30, 1, 3, 19, 1, '1', '2025-05-28 08:42:41', '2025-05-28 08:42:41'),
(91, 31, 1, 1, 14, 1, '1', '2025-05-28 08:42:42', '2025-05-28 08:42:42'),
(92, 31, 1, 2, 16, 1, '1', '2025-05-28 08:42:42', '2025-05-28 08:42:42'),
(93, 31, 1, 3, 19, 1, '1', '2025-05-28 08:42:42', '2025-05-28 08:42:42'),
(94, 32, 1, 1, 14, 1, '1', '2025-05-28 08:42:43', '2025-05-28 08:42:43'),
(95, 32, 1, 2, 18, 1, '1', '2025-05-28 08:42:43', '2025-05-28 08:42:43'),
(96, 32, 1, 3, 19, 1, '1', '2025-05-28 08:42:43', '2025-05-28 08:42:43'),
(97, 33, 1, 1, 13, 1, '1', '2025-05-28 08:42:43', '2025-05-28 08:42:43'),
(98, 33, 1, 2, 16, 1, '1', '2025-05-28 08:42:43', '2025-05-28 08:42:43'),
(99, 33, 1, 3, 19, 1, '1', '2025-05-28 08:42:44', '2025-05-28 08:42:44'),
(100, 34, 1, 1, 13, 1, '1', '2025-05-28 08:42:44', '2025-05-28 08:42:44'),
(101, 34, 1, 2, 18, 1, '1', '2025-05-28 08:42:44', '2025-05-28 08:42:44'),
(102, 34, 1, 3, 19, 1, '1', '2025-05-28 08:42:44', '2025-05-28 08:42:44'),
(103, 35, 1, 1, 11, 1, '1', '2025-05-28 08:42:44', '2025-05-28 08:42:44'),
(104, 35, 1, 2, 16, 1, '1', '2025-05-28 08:42:44', '2025-05-28 08:42:44'),
(105, 35, 1, 3, 19, 1, '1', '2025-05-28 08:42:44', '2025-05-28 08:42:44'),
(106, 36, 1, 1, 11, 1, '1', '2025-05-28 08:42:44', '2025-05-28 08:42:44'),
(107, 36, 1, 2, 18, 1, '1', '2025-05-28 08:42:45', '2025-05-28 08:42:45'),
(108, 36, 1, 3, 19, 1, '1', '2025-05-28 08:42:45', '2025-05-28 08:42:45'),
(109, 37, 2, 4, 25, 1, '1', '2025-05-28 09:59:21', '2025-05-28 09:59:21'),
(110, 37, 2, 5, 26, 1, '1', '2025-05-28 09:59:21', '2025-05-28 09:59:21'),
(111, 38, 2, 4, 22, 1, '1', '2025-05-28 09:59:21', '2025-05-28 09:59:21'),
(112, 38, 2, 5, 26, 1, '1', '2025-05-28 09:59:21', '2025-05-28 09:59:21'),
(113, 39, 2, 4, 23, 1, '1', '2025-05-28 09:59:22', '2025-05-28 09:59:22'),
(114, 39, 2, 5, 26, 1, '1', '2025-05-28 09:59:22', '2025-05-28 09:59:22'),
(115, 40, 2, 4, 24, 1, '1', '2025-05-28 09:59:22', '2025-05-28 09:59:22'),
(116, 40, 2, 5, 26, 1, '1', '2025-05-28 09:59:22', '2025-05-28 09:59:22');

-- --------------------------------------------------------

--
-- Table structure for table `tbl_product_batches`
--

CREATE TABLE `tbl_product_batches` (
  `id` bigint(20) NOT NULL,
  `fk_product_id` int(11) DEFAULT NULL,
  `batch_no` varchar(100) DEFAULT NULL,
  `quantity` int(11) DEFAULT NULL,
  `purchase_date` date DEFAULT NULL,
  `expiry_date` date DEFAULT NULL,
  `manufactured_date` date DEFAULT NULL,
  `status` int(11) NOT NULL DEFAULT 1,
  `is_delete` enum('1','0') NOT NULL,
  `created_at` timestamp NOT NULL DEFAULT current_timestamp(),
  `updated_at` timestamp NOT NULL DEFAULT current_timestamp() ON UPDATE current_timestamp()
) ENGINE=InnoDB DEFAULT CHARSET=utf8mb4 COLLATE=utf8mb4_general_ci;

--
-- Dumping data for table `tbl_product_batches`
--

INSERT INTO `tbl_product_batches` (`id`, `fk_product_id`, `batch_no`, `quantity`, `purchase_date`, `expiry_date`, `manufactured_date`, `status`, `is_delete`, `created_at`, `updated_at`) VALUES
(1, 1, '1210', 16, '2025-01-01', '2027-10-19', '2024-10-20', 1, '1', '2025-05-28 08:42:27', '2025-05-28 08:42:27'),
(2, 2, '1210', 10, '2025-01-01', '2027-10-19', '2024-10-20', 1, '1', '2025-05-28 08:42:28', '2025-05-28 08:42:28'),
(3, 3, '1210', 18, '2025-01-01', '2027-10-19', '2024-10-20', 1, '1', '2025-05-28 08:42:29', '2025-05-28 08:42:29'),
(4, 4, '1210', 3, '2025-01-01', '2027-10-19', '2024-10-20', 1, '1', '2025-05-28 08:42:29', '2025-05-28 08:42:29'),
(5, 5, '1210', 6, '2025-01-01', '2027-10-19', '2024-10-20', 1, '1', '2025-05-28 08:42:30', '2025-05-28 08:42:30'),
(6, 6, '1210', 3, '2025-01-01', '2027-10-19', '2024-10-20', 1, '1', '2025-05-28 08:42:30', '2025-05-28 08:42:30'),
(7, 7, '1210', 3, '2025-01-01', '2027-10-19', '2024-10-20', 1, '1', '2025-05-28 08:42:31', '2025-05-28 08:42:31'),
(8, 8, '1210', 1, '2025-01-01', '2027-10-19', '2024-10-20', 1, '1', '2025-05-28 08:42:31', '2025-05-28 08:42:31'),
(9, 9, '1210', 7, '2025-01-01', '2027-10-19', '2024-10-20', 1, '1', '2025-05-28 08:42:31', '2025-05-28 08:42:31'),
(10, 10, '1210', 10, '2025-01-01', '2027-10-19', '2024-10-20', 1, '1', '2025-05-28 08:42:32', '2025-05-28 08:42:32'),
(11, 11, '1210', 32, '2025-01-01', '2027-10-19', '2024-10-20', 1, '1', '2025-05-28 08:42:32', '2025-05-28 08:42:32'),
(12, 12, '1210', 5, '2025-01-01', '2027-10-19', '2024-10-20', 1, '1', '2025-05-28 08:42:33', '2025-05-28 08:42:33'),
(13, 13, '1210', 10, '2025-01-01', '2027-10-19', '2024-10-20', 1, '1', '2025-05-28 08:42:34', '2025-05-28 08:42:34'),
(14, 14, '1210', 9, '2025-01-01', '2027-10-19', '2024-10-20', 1, '1', '2025-05-28 08:42:34', '2025-05-28 08:42:34'),
(15, 15, '1210', 2, '2025-01-01', '2027-10-19', '2024-10-20', 1, '1', '2025-05-28 08:42:34', '2025-05-28 08:42:34'),
(16, 16, '1210', 1, '2025-01-01', '2027-10-19', '2024-10-20', 1, '1', '2025-05-28 08:42:35', '2025-05-28 08:42:35'),
(17, 17, '1210', 11, '2025-01-01', '2027-10-19', '2024-10-20', 1, '1', '2025-05-28 08:42:35', '2025-05-28 08:42:35'),
(18, 18, '1210', 0, '2025-01-01', '2027-10-19', '2024-10-20', 1, '1', '2025-05-28 08:42:36', '2025-05-28 08:42:36'),
(19, 19, '1210', 8, '2025-01-01', '2027-10-19', '2024-10-20', 1, '1', '2025-05-28 08:42:36', '2025-05-28 08:42:36'),
(20, 20, '1210', 5, '2025-01-01', '2027-10-19', '2024-10-20', 1, '1', '2025-05-28 08:42:37', '2025-05-28 08:42:37'),
(21, 21, '1210', 8, '2025-01-01', '2027-10-19', '2024-10-20', 1, '1', '2025-05-28 08:42:37', '2025-05-28 08:42:37'),
(22, 22, '1210', 5, '2025-01-01', '2027-10-19', '2024-10-20', 1, '1', '2025-05-28 08:42:38', '2025-05-28 08:42:38'),
(23, 23, '1210', 0, '2025-01-01', '2027-10-19', '2024-10-20', 1, '1', '2025-05-28 08:42:38', '2025-05-28 08:42:38'),
(24, 24, '1210', 4, '2025-01-01', '2027-10-19', '2024-10-20', 1, '1', '2025-05-28 08:42:39', '2025-05-28 08:42:39'),
(25, 25, '1210', 16, '2025-01-01', '2027-10-19', '2024-10-20', 1, '1', '2025-05-28 08:42:39', '2025-05-28 08:42:39'),
(26, 26, '1210', 13, '2025-01-01', '2027-10-19', '2024-10-20', 1, '1', '2025-05-28 08:42:39', '2025-05-28 08:42:39'),
(27, 27, '1210', 14, '2025-01-01', '2027-10-19', '2024-10-20', 1, '1', '2025-05-28 08:42:40', '2025-05-28 08:42:40'),
(28, 28, '1210', 10, '2025-01-01', '2027-10-19', '2024-10-20', 1, '1', '2025-05-28 08:42:40', '2025-05-28 08:42:40'),
(29, 29, '1210', 10, '2025-01-01', '2027-10-19', '2024-10-20', 1, '1', '2025-05-28 08:42:41', '2025-05-28 08:42:41'),
(30, 30, '1210', 4, '2025-01-01', '2027-10-19', '2024-10-20', 1, '1', '2025-05-28 08:42:41', '2025-05-28 08:42:41'),
(31, 31, '1210', 12, '2025-01-01', '2027-10-19', '2024-10-20', 1, '1', '2025-05-28 08:42:41', '2025-05-28 08:42:41'),
(32, 32, '1210', 5, '2025-01-01', '2027-10-19', '2024-10-20', 1, '1', '2025-05-28 08:42:43', '2025-05-28 08:42:43'),
(33, 33, '1210', 8, '2025-01-01', '2027-10-19', '2024-10-20', 1, '1', '2025-05-28 08:42:43', '2025-05-28 08:42:43'),
(34, 34, '1210', 5, '2025-01-01', '2027-10-19', '2024-10-20', 1, '1', '2025-05-28 08:42:44', '2025-05-28 08:42:44'),
(35, 35, '1210', 10, '2025-01-01', '2027-10-19', '2024-10-20', 1, '1', '2025-05-28 08:42:44', '2025-05-28 08:42:44'),
(36, 36, '1210', 5, '2025-01-01', '2027-10-19', '2024-10-20', 1, '1', '2025-05-28 08:42:44', '2025-05-28 08:42:44'),
(37, 37, 'NNO-1001', 250, '2025-05-19', '2025-05-02', '2025-05-03', 1, '1', '2025-05-28 09:59:21', '2025-05-28 09:59:21'),
(38, 38, 'NNO-1001', 250, '2025-05-19', '2025-05-02', '2025-05-03', 1, '1', '2025-05-28 09:59:21', '2025-05-28 09:59:21'),
(39, 39, 'NNO-1001', 250, '2025-05-19', '2025-05-02', '2025-05-03', 1, '1', '2025-05-28 09:59:22', '2025-05-28 09:59:22'),
(40, 40, 'NNO-1001', 250, '2025-05-19', '2025-05-02', '2025-05-03', 1, '1', '2025-05-28 09:59:22', '2025-05-28 09:59:22');

-- --------------------------------------------------------

--
-- Table structure for table `tbl_product_inventory`
--

CREATE TABLE `tbl_product_inventory` (
  `id` bigint(20) NOT NULL,
  `fk_login_id` int(20) DEFAULT NULL,
  `fk_product_id` int(11) DEFAULT NULL,
  `fk_batch_id` int(11) DEFAULT NULL,
  `channel_type` varchar(100) DEFAULT NULL,
  `fk_sale_channel_id` int(11) DEFAULT NULL,
  `fk_sourcing_partner_id` int(11) DEFAULT NULL,
  `fk_inventory_entry_type` int(11) DEFAULT NULL,
  `fk_inventory_entry_type_sale_id` int(11) DEFAULT NULL,
  `fk_inventory_entry_type_return_id` int(11) DEFAULT NULL,
  `fk_inventory_entry_type_damage_id` int(11) DEFAULT NULL,
  `add_quantity` int(11) DEFAULT NULL,
  `deduct_quantity` int(11) DEFAULT NULL,
  `total_quantity` int(11) DEFAULT NULL,
  `reason` longtext DEFAULT NULL,
  `used_status` int(11) DEFAULT NULL,
  `is_delete` enum('1','0') NOT NULL,
  `created_at` timestamp NOT NULL DEFAULT current_timestamp(),
  `updated_at` timestamp NOT NULL DEFAULT current_timestamp() ON UPDATE current_timestamp()
) ENGINE=InnoDB DEFAULT CHARSET=utf8mb4 COLLATE=utf8mb4_general_ci;

--
-- Dumping data for table `tbl_product_inventory`
--

INSERT INTO `tbl_product_inventory` (`id`, `fk_login_id`, `fk_product_id`, `fk_batch_id`, `channel_type`, `fk_sale_channel_id`, `fk_sourcing_partner_id`, `fk_inventory_entry_type`, `fk_inventory_entry_type_sale_id`, `fk_inventory_entry_type_return_id`, `fk_inventory_entry_type_damage_id`, `add_quantity`, `deduct_quantity`, `total_quantity`, `reason`, `used_status`, `is_delete`, `created_at`, `updated_at`) VALUES
(1, 1, 1, 1, NULL, NULL, 1, 1, NULL, NULL, NULL, 16, NULL, 16, NULL, 1, '1', '2025-05-28 08:42:27', '2025-05-28 08:42:27'),
(2, 1, 2, 2, NULL, NULL, 1, 1, NULL, NULL, NULL, 10, NULL, 10, NULL, 1, '1', '2025-05-28 08:42:28', '2025-05-28 08:42:28'),
(3, 1, 3, 3, NULL, NULL, 1, 1, NULL, NULL, NULL, 18, NULL, 18, NULL, 1, '1', '2025-05-28 08:42:29', '2025-05-28 08:42:29'),
(4, 1, 4, 4, NULL, NULL, 1, 1, NULL, NULL, NULL, 3, NULL, 3, NULL, 1, '1', '2025-05-28 08:42:30', '2025-05-28 08:42:30'),
(5, 1, 5, 5, NULL, NULL, 1, 1, NULL, NULL, NULL, 6, NULL, 6, NULL, 1, '1', '2025-05-28 08:42:30', '2025-05-28 08:42:30'),
(6, 1, 6, 6, NULL, NULL, 1, 1, NULL, NULL, NULL, 3, NULL, 3, NULL, 1, '1', '2025-05-28 08:42:30', '2025-05-28 08:42:30'),
(7, 1, 7, 7, NULL, NULL, 1, 1, NULL, NULL, NULL, 3, NULL, 3, NULL, 1, '1', '2025-05-28 08:42:31', '2025-05-28 08:42:31'),
(8, 1, 8, 8, NULL, NULL, 1, 1, NULL, NULL, NULL, 1, NULL, 1, NULL, 1, '1', '2025-05-28 08:42:31', '2025-05-28 08:42:31'),
(9, 1, 9, 9, NULL, NULL, 1, 1, NULL, NULL, NULL, 7, NULL, 7, NULL, 1, '1', '2025-05-28 08:42:31', '2025-05-28 08:42:31'),
(10, 1, 10, 10, NULL, NULL, 1, 1, NULL, NULL, NULL, 10, NULL, 10, NULL, 1, '1', '2025-05-28 08:42:32', '2025-05-28 08:42:32'),
(11, 1, 11, 11, NULL, NULL, 1, 1, NULL, NULL, NULL, 32, NULL, 32, NULL, 1, '1', '2025-05-28 08:42:33', '2025-05-28 08:42:33'),
(12, 1, 12, 12, NULL, NULL, 1, 1, NULL, NULL, NULL, 5, NULL, 5, NULL, 1, '1', '2025-05-28 08:42:34', '2025-05-28 08:42:34'),
(13, 1, 13, 13, NULL, NULL, 1, 1, NULL, NULL, NULL, 10, NULL, 10, NULL, 1, '1', '2025-05-28 08:42:34', '2025-05-28 08:42:34'),
(14, 1, 14, 14, NULL, NULL, 1, 1, NULL, NULL, NULL, 9, NULL, 9, NULL, 1, '1', '2025-05-28 08:42:34', '2025-05-28 08:42:34'),
(15, 1, 15, 15, NULL, NULL, 1, 1, NULL, NULL, NULL, 2, NULL, 2, NULL, 1, '1', '2025-05-28 08:42:35', '2025-05-28 08:42:35'),
(16, 1, 16, 16, NULL, NULL, 1, 1, NULL, NULL, NULL, 1, NULL, 1, NULL, 1, '1', '2025-05-28 08:42:35', '2025-05-28 08:42:35'),
(17, 1, 17, 17, NULL, NULL, 1, 1, NULL, NULL, NULL, 11, NULL, 11, NULL, 1, '1', '2025-05-28 08:42:35', '2025-05-28 08:42:35'),
(18, 1, 18, 18, NULL, NULL, 1, 1, NULL, NULL, NULL, 0, NULL, 0, NULL, 1, '1', '2025-05-28 08:42:36', '2025-05-28 08:42:36'),
(19, 1, 19, 19, NULL, NULL, 1, 1, NULL, NULL, NULL, 8, NULL, 8, NULL, 1, '1', '2025-05-28 08:42:36', '2025-05-28 08:42:36'),
(20, 1, 20, 20, NULL, NULL, 1, 1, NULL, NULL, NULL, 5, NULL, 5, NULL, 1, '1', '2025-05-28 08:42:37', '2025-05-28 08:42:37'),
(21, 1, 21, 21, NULL, NULL, 1, 1, NULL, NULL, NULL, 8, NULL, 8, NULL, 1, '1', '2025-05-28 08:42:37', '2025-05-28 08:42:37'),
(22, 1, 22, 22, NULL, NULL, 1, 1, NULL, NULL, NULL, 5, NULL, 5, NULL, 1, '1', '2025-05-28 08:42:38', '2025-05-28 08:42:38'),
(23, 1, 23, 23, NULL, NULL, 1, 1, NULL, NULL, NULL, 0, NULL, 0, NULL, 1, '1', '2025-05-28 08:42:38', '2025-05-28 08:42:38'),
(24, 1, 24, 24, NULL, NULL, 1, 1, NULL, NULL, NULL, 4, NULL, 4, NULL, 1, '1', '2025-05-28 08:42:39', '2025-05-28 08:42:39'),
(25, 1, 25, 25, NULL, NULL, 1, 1, NULL, NULL, NULL, 16, NULL, 16, NULL, 1, '1', '2025-05-28 08:42:39', '2025-05-28 08:42:39'),
(26, 1, 26, 26, NULL, NULL, 1, 1, NULL, NULL, NULL, 13, NULL, 13, NULL, 1, '1', '2025-05-28 08:42:40', '2025-05-28 08:42:40'),
(27, 1, 27, 27, NULL, NULL, 1, 1, NULL, NULL, NULL, 14, NULL, 14, NULL, 1, '1', '2025-05-28 08:42:40', '2025-05-28 08:42:40'),
(28, 1, 28, 28, NULL, NULL, 1, 1, NULL, NULL, NULL, 10, NULL, 10, NULL, 1, '1', '2025-05-28 08:42:40', '2025-05-28 08:42:40'),
(29, 1, 29, 29, NULL, NULL, 1, 1, NULL, NULL, NULL, 10, NULL, 10, NULL, 1, '1', '2025-05-28 08:42:41', '2025-05-28 08:42:41'),
(30, 1, 30, 30, NULL, NULL, 1, 1, NULL, NULL, NULL, 4, NULL, 4, NULL, 1, '1', '2025-05-28 08:42:41', '2025-05-28 08:42:41'),
(31, 1, 31, 31, NULL, NULL, 1, 1, NULL, NULL, NULL, 12, NULL, 12, NULL, 1, '1', '2025-05-28 08:42:42', '2025-05-28 08:42:42'),
(32, 1, 32, 32, NULL, NULL, 1, 1, NULL, NULL, NULL, 5, NULL, 5, NULL, 1, '1', '2025-05-28 08:42:43', '2025-05-28 08:42:43'),
(33, 1, 33, 33, NULL, NULL, 1, 1, NULL, NULL, NULL, 8, NULL, 8, NULL, 1, '1', '2025-05-28 08:42:43', '2025-05-28 08:42:43'),
(34, 1, 34, 34, NULL, NULL, 1, 1, NULL, NULL, NULL, 5, NULL, 5, NULL, 1, '1', '2025-05-28 08:42:44', '2025-05-28 08:42:44'),
(35, 1, 35, 35, NULL, NULL, 1, 1, NULL, NULL, NULL, 10, NULL, 10, NULL, 1, '1', '2025-05-28 08:42:44', '2025-05-28 08:42:44'),
(36, 1, 36, 36, NULL, NULL, 1, 1, NULL, NULL, NULL, 5, NULL, 5, NULL, 1, '1', '2025-05-28 08:42:44', '2025-05-28 08:42:44'),
(37, 1, 37, 37, NULL, NULL, 2, 1, NULL, NULL, NULL, 250, NULL, 250, NULL, 1, '1', '2025-05-28 09:59:21', '2025-05-28 09:59:21'),
(38, 1, 38, 38, NULL, NULL, 2, 1, NULL, NULL, NULL, 250, NULL, 250, NULL, 1, '1', '2025-05-28 09:59:21', '2025-05-28 09:59:21'),
(39, 1, 39, 39, NULL, NULL, 2, 1, NULL, NULL, NULL, 250, NULL, 250, NULL, 1, '1', '2025-05-28 09:59:22', '2025-05-28 09:59:22'),
(40, 1, 40, 40, NULL, NULL, 2, 1, NULL, NULL, NULL, 250, NULL, 250, NULL, 1, '1', '2025-05-28 09:59:22', '2025-05-28 09:59:22');

-- --------------------------------------------------------

--
-- Table structure for table `tbl_product_master`
--

CREATE TABLE `tbl_product_master` (
  `id` bigint(20) NOT NULL,
  `fk_stock_availability_id` int(11) DEFAULT NULL,
  `fk_product_types_id` bigint(20) DEFAULT NULL,
  `product_name` longtext DEFAULT NULL,
  `product_sku_code` varchar(100) DEFAULT NULL,
  `description` longtext DEFAULT NULL,
  `images` longtext DEFAULT NULL,
  `barcode` longtext DEFAULT NULL,
  `status` int(11) NOT NULL DEFAULT 1,
  `is_delete` enum('1','0') NOT NULL,
  `created_at` timestamp NOT NULL DEFAULT current_timestamp(),
  `updated_at` timestamp NOT NULL DEFAULT current_timestamp() ON UPDATE current_timestamp()
) ENGINE=InnoDB DEFAULT CHARSET=utf8mb4 COLLATE=utf8mb4_general_ci;

--
-- Dumping data for table `tbl_product_master`
--

INSERT INTO `tbl_product_master` (`id`, `fk_stock_availability_id`, `fk_product_types_id`, `product_name`, `product_sku_code`, `description`, `images`, `barcode`, `status`, `is_delete`, `created_at`, `updated_at`) VALUES
(1, 1, 1, 'Neem 250g', '5', 'Description', NULL, NULL, 1, '1', '2025-05-28 08:42:27', '2025-05-28 08:42:27'),
(2, 1, 1, 'Neem 500g', '6', 'Description', NULL, NULL, 1, '1', '2025-05-28 08:42:28', '2025-05-28 08:42:28'),
(3, 1, 1, 'Ajwain 250g', '13', 'Description', NULL, NULL, 1, '1', '2025-05-28 08:42:29', '2025-05-28 08:42:29'),
(4, 1, 1, 'Ajwain 500g', '14', 'Description', NULL, NULL, 1, '1', '2025-05-28 08:42:29', '2025-05-28 08:42:29'),
(5, 1, 1, 'Tulsi 250g', '7', 'Description', NULL, NULL, 1, '1', '2025-05-28 08:42:30', '2025-05-28 08:42:30'),
(6, 1, 1, 'Tulsi 500g', '8', 'Description', NULL, NULL, 1, '1', '2025-05-28 08:42:30', '2025-05-28 08:42:30'),
(7, 1, 1, 'Acacia 250g', '1', 'Description', NULL, NULL, 1, '1', '2025-05-28 08:42:30', '2025-05-28 08:42:30'),
(8, 1, 1, 'Acacia 500g', '2', 'Description', NULL, NULL, 1, '1', '2025-05-28 08:42:31', '2025-05-28 08:42:31'),
(9, 1, 1, 'Acacia 400g', '33', 'Description', NULL, NULL, 1, '1', '2025-05-28 08:42:31', '2025-05-28 08:42:31'),
(10, 1, 1, 'Acacia 125g', '34', 'Description', NULL, NULL, 1, '1', '2025-05-28 08:42:32', '2025-05-28 08:42:32'),
(11, 1, 1, 'Maltiflora 250g', '9', 'Description', NULL, NULL, 1, '1', '2025-05-28 08:42:32', '2025-05-28 08:42:32'),
(12, 1, 1, 'Maltiflora 500g', '10', 'Description', NULL, NULL, 1, '1', '2025-05-28 08:42:33', '2025-05-28 08:42:33'),
(13, 1, 1, 'Maltiflora 400g', '35', 'Description', NULL, NULL, 1, '1', '2025-05-28 08:42:34', '2025-05-28 08:42:34'),
(14, 1, 1, 'Maltiflora 125g', '36', 'Description', NULL, NULL, 1, '1', '2025-05-28 08:42:34', '2025-05-28 08:42:34'),
(15, 1, 1, 'Himalayan 250g', '11', 'Description', NULL, NULL, 1, '1', '2025-05-28 08:42:34', '2025-05-28 08:42:34'),
(16, 1, 1, 'Himalayan 500g', '12', 'Description', NULL, NULL, 1, '1', '2025-05-28 08:42:35', '2025-05-28 08:42:35'),
(17, 1, 1, 'Raw Organic 250g', '3', 'Description', NULL, NULL, 1, '1', '2025-05-28 08:42:35', '2025-05-28 08:42:35'),
(18, 1, 1, 'Raw Organic 500g', '4', 'Description', NULL, NULL, 1, '1', '2025-05-28 08:42:36', '2025-05-28 08:42:36'),
(19, 1, 1, 'Jamun 250g', '19', 'Description', NULL, NULL, 1, '1', '2025-05-28 08:42:36', '2025-05-28 08:42:36'),
(20, 1, 1, 'Jamun 500g', '20', 'Description', NULL, NULL, 1, '1', '2025-05-28 08:42:36', '2025-05-28 08:42:36'),
(21, 1, 1, 'Litchi 250g', '29', 'Description', NULL, NULL, 1, '1', '2025-05-28 08:42:37', '2025-05-28 08:42:37'),
(22, 1, 1, 'Litchi 500g', '30', 'Description', NULL, NULL, 1, '1', '2025-05-28 08:42:38', '2025-05-28 08:42:38'),
(23, 1, 1, 'Natural Pure 250g', '21', 'Description', NULL, NULL, 1, '1', '2025-05-28 08:42:38', '2025-05-28 08:42:38'),
(24, 1, 1, 'Natural Pure 500g', '22', 'Description', NULL, NULL, 1, '1', '2025-05-28 08:42:38', '2025-05-28 08:42:38'),
(25, 1, 1, 'Forest 250g', '15', 'Description', NULL, NULL, 1, '1', '2025-05-28 08:42:39', '2025-05-28 08:42:39'),
(26, 1, 1, 'Forest 500g', '16', 'Description', NULL, NULL, 1, '1', '2025-05-28 08:42:39', '2025-05-28 08:42:39'),
(27, 1, 1, 'Forest 400g', '37', 'Description', NULL, NULL, 1, '1', '2025-05-28 08:42:40', '2025-05-28 08:42:40'),
(28, 1, 1, 'Forest 125g', '38', 'Description', NULL, NULL, 1, '1', '2025-05-28 08:42:40', '2025-05-28 08:42:40'),
(29, 1, 1, 'Kashmir White 250g', '23', 'Description', NULL, NULL, 1, '1', '2025-05-28 08:42:41', '2025-05-28 08:42:41'),
(30, 1, 1, 'Kashmir White 500g', '24', 'Description', NULL, NULL, 1, '1', '2025-05-28 08:42:41', '2025-05-28 08:42:41'),
(31, 1, 1, 'Rose Wood 250g', '27', 'Description', NULL, NULL, 1, '1', '2025-05-28 08:42:41', '2025-05-28 08:42:41'),
(32, 1, 1, 'Rose Wood 500g', '28', 'Description', NULL, NULL, 1, '1', '2025-05-28 08:42:43', '2025-05-28 08:42:43'),
(33, 1, 1, 'Eucalyptus 250g', '25', 'Description', NULL, NULL, 1, '1', '2025-05-28 08:42:43', '2025-05-28 08:42:43'),
(34, 1, 1, 'Eucalyptus 500g', '26', 'Description', NULL, NULL, 1, '1', '2025-05-28 08:42:44', '2025-05-28 08:42:44'),
(35, 1, 1, 'SIDR 250g', '17', 'Description', NULL, NULL, 1, '1', '2025-05-28 08:42:44', '2025-05-28 08:42:44'),
(36, 1, 1, 'SIDR 500g', '18', 'Description', NULL, NULL, 1, '1', '2025-05-28 08:42:44', '2025-05-28 08:42:44'),
(37, 1, 2, 'CHIA SEEDS', '42', 'CHIA SEEDS', NULL, NULL, 1, '1', '2025-05-28 09:59:21', '2025-05-28 09:59:21'),
(38, 1, 2, 'FLAX SEEDS', '40', 'FLAX SEEDS', NULL, NULL, 1, '1', '2025-05-28 09:59:21', '2025-05-28 09:59:21'),
(39, 1, 2, 'PUMPKIN SEEDS', '41', 'PUMPKIN SEEDS', NULL, NULL, 1, '1', '2025-05-28 09:59:21', '2025-05-28 09:59:21'),
(40, 1, 2, 'SUNFLOWER SEEDS', '39', 'SUNFLOWER SEEDS', NULL, NULL, 1, '1', '2025-05-28 09:59:22', '2025-05-28 09:59:22');

-- --------------------------------------------------------

--
-- Table structure for table `tbl_product_price`
--

CREATE TABLE `tbl_product_price` (
  `id` bigint(20) NOT NULL,
  `fk_product_id` int(11) DEFAULT NULL,
  `fk_batch_id` bigint(20) DEFAULT NULL,
  `purchase_price` double DEFAULT NULL,
  `MRP` double DEFAULT NULL,
  `selling_price` double DEFAULT NULL,
  `status` int(11) NOT NULL DEFAULT 1,
  `is_delete` enum('1','0') NOT NULL,
  `created_at` timestamp NOT NULL DEFAULT current_timestamp(),
  `updated_at` timestamp NOT NULL DEFAULT current_timestamp() ON UPDATE current_timestamp()
) ENGINE=InnoDB DEFAULT CHARSET=utf8mb4 COLLATE=utf8mb4_general_ci;

--
-- Dumping data for table `tbl_product_price`
--

INSERT INTO `tbl_product_price` (`id`, `fk_product_id`, `fk_batch_id`, `purchase_price`, `MRP`, `selling_price`, `status`, `is_delete`, `created_at`, `updated_at`) VALUES
(1, 1, 1, 115.5, 700, NULL, 1, '1', '2025-05-28 08:42:27', '2025-05-28 08:42:27'),
(2, 2, 2, 115.5, 1050, NULL, 1, '1', '2025-05-28 08:42:28', '2025-05-28 08:42:28'),
(3, 3, 3, 115.5, 700, NULL, 1, '1', '2025-05-28 08:42:29', '2025-05-28 08:42:29'),
(4, 4, 4, 115.5, 1050, NULL, 1, '1', '2025-05-28 08:42:29', '2025-05-28 08:42:29'),
(5, 5, 5, 115.5, 700, NULL, 1, '1', '2025-05-28 08:42:30', '2025-05-28 08:42:30'),
(6, 6, 6, 115.5, 1050, NULL, 1, '1', '2025-05-28 08:42:30', '2025-05-28 08:42:30'),
(7, 7, 7, 115.5, 700, NULL, 1, '1', '2025-05-28 08:42:31', '2025-05-28 08:42:31'),
(8, 8, 8, 115.5, 1050, NULL, 1, '1', '2025-05-28 08:42:31', '2025-05-28 08:42:31'),
(9, 9, 9, 115.5, 400, NULL, 1, '1', '2025-05-28 08:42:31', '2025-05-28 08:42:31'),
(10, 10, 10, 115.5, 400, NULL, 1, '1', '2025-05-28 08:42:32', '2025-05-28 08:42:32'),
(11, 11, 11, 115.5, 700, NULL, 1, '1', '2025-05-28 08:42:33', '2025-05-28 08:42:33'),
(12, 12, 12, 115.5, 1050, NULL, 1, '1', '2025-05-28 08:42:33', '2025-05-28 08:42:33'),
(13, 13, 13, 115.5, 900, NULL, 1, '1', '2025-05-28 08:42:34', '2025-05-28 08:42:34'),
(14, 14, 14, 115.5, 400, NULL, 1, '1', '2025-05-28 08:42:34', '2025-05-28 08:42:34'),
(15, 15, 15, 115.5, 700, NULL, 1, '1', '2025-05-28 08:42:34', '2025-05-28 08:42:34'),
(16, 16, 16, 115.5, 1050, NULL, 1, '1', '2025-05-28 08:42:35', '2025-05-28 08:42:35'),
(17, 17, 17, 115.5, 700, NULL, 1, '1', '2025-05-28 08:42:35', '2025-05-28 08:42:35'),
(18, 18, 18, 115.5, 1050, NULL, 1, '1', '2025-05-28 08:42:36', '2025-05-28 08:42:36'),
(19, 19, 19, 115.5, 700, NULL, 1, '1', '2025-05-28 08:42:36', '2025-05-28 08:42:36'),
(20, 20, 20, 115.5, 1050, NULL, 1, '1', '2025-05-28 08:42:37', '2025-05-28 08:42:37'),
(21, 21, 21, 115.5, 700, NULL, 1, '1', '2025-05-28 08:42:37', '2025-05-28 08:42:37'),
(22, 22, 22, 115.5, 1050, NULL, 1, '1', '2025-05-28 08:42:38', '2025-05-28 08:42:38'),
(23, 23, 23, 115.5, 700, NULL, 1, '1', '2025-05-28 08:42:38', '2025-05-28 08:42:38'),
(24, 24, 24, 115.5, 1050, NULL, 1, '1', '2025-05-28 08:42:39', '2025-05-28 08:42:39'),
(25, 25, 25, 115.5, 700, NULL, 1, '1', '2025-05-28 08:42:39', '2025-05-28 08:42:39'),
(26, 26, 26, 115.5, 1050, NULL, 1, '1', '2025-05-28 08:42:39', '2025-05-28 08:42:39'),
(27, 27, 27, 115.5, 900, NULL, 1, '1', '2025-05-28 08:42:40', '2025-05-28 08:42:40'),
(28, 28, 28, 115.5, 400, NULL, 1, '1', '2025-05-28 08:42:40', '2025-05-28 08:42:40'),
(29, 29, 29, 170, 1000, NULL, 1, '1', '2025-05-28 08:42:41', '2025-05-28 08:42:41'),
(30, 30, 30, 250, 1500, NULL, 1, '1', '2025-05-28 08:42:41', '2025-05-28 08:42:41'),
(31, 31, 31, 115.5, 700, NULL, 1, '1', '2025-05-28 08:42:42', '2025-05-28 08:42:42'),
(32, 32, 32, 115.5, 1250, NULL, 1, '1', '2025-05-28 08:42:43', '2025-05-28 08:42:43'),
(33, 33, 33, 115.5, 700, NULL, 1, '1', '2025-05-28 08:42:43', '2025-05-28 08:42:43'),
(34, 34, 34, 115.5, 1250, NULL, 1, '1', '2025-05-28 08:42:44', '2025-05-28 08:42:44'),
(35, 35, 35, 115.5, 700, NULL, 1, '1', '2025-05-28 08:42:44', '2025-05-28 08:42:44'),
(36, 36, 36, 115.5, 1250, NULL, 1, '1', '2025-05-28 08:42:44', '2025-05-28 08:42:44'),
(37, 37, 37, 240, 299, 299, 1, '1', '2025-05-28 09:59:21', '2025-05-28 09:59:21'),
(38, 38, 38, 165, 199, 199, 1, '1', '2025-05-28 09:59:21', '2025-05-28 09:59:21'),
(39, 39, 39, 380, 325, 325, 1, '1', '2025-05-28 09:59:22', '2025-05-28 09:59:22'),
(40, 40, 40, 250, 249, 249, 1, '1', '2025-05-28 09:59:22', '2025-05-28 09:59:22');

-- --------------------------------------------------------

--
-- Table structure for table `tbl_product_types`
--

CREATE TABLE `tbl_product_types` (
  `id` int(11) NOT NULL,
  `product_type_name` varchar(100) DEFAULT NULL,
  `status` int(11) NOT NULL DEFAULT 1,
  `is_delete` enum('1','0') NOT NULL,
  `created_at` timestamp NOT NULL DEFAULT current_timestamp(),
  `updated_at` timestamp NOT NULL DEFAULT current_timestamp() ON UPDATE current_timestamp()
) ENGINE=InnoDB DEFAULT CHARSET=utf8mb4 COLLATE=utf8mb4_general_ci;

--
-- Dumping data for table `tbl_product_types`
--

INSERT INTO `tbl_product_types` (`id`, `product_type_name`, `status`, `is_delete`, `created_at`, `updated_at`) VALUES
(1, 'Honey', 1, '1', '2025-03-28 04:47:30', '2025-04-30 09:55:40'),
(2, 'Seeds', 1, '1', '2025-03-28 04:47:49', '2025-05-28 11:54:20'),
(3, 'eee', 1, '0', '2025-04-08 08:34:18', '2025-04-08 08:35:39'),
(4, 'A  S', 1, '0', '2025-04-09 09:50:25', '2025-04-09 09:50:33'),
(5, 'Seeds', 1, '0', '2025-04-10 03:56:09', '2025-05-28 11:54:15'),
(6, 'Test Data', 1, '0', '2025-05-12 03:28:27', '2025-05-12 03:29:33'),
(7, 'test', 1, '0', '2025-05-12 03:29:44', '2025-05-12 03:30:09'),
(8, 'test data', 1, '0', '2025-05-12 03:29:59', '2025-05-12 03:30:05'),
(9, 'test', 1, '0', '2025-05-12 03:32:02', '2025-05-12 03:32:07');

-- --------------------------------------------------------

--
-- Table structure for table `tbl_role`
--

CREATE TABLE `tbl_role` (
  `id` bigint(20) NOT NULL,
  `role_name` varchar(100) DEFAULT NULL,
  `status` int(11) NOT NULL DEFAULT 1,
  `is_delete` enum('1','0') NOT NULL,
  `created_at` timestamp NOT NULL DEFAULT current_timestamp(),
  `updated_at` timestamp NOT NULL DEFAULT current_timestamp() ON UPDATE current_timestamp()
) ENGINE=InnoDB DEFAULT CHARSET=utf8mb4 COLLATE=utf8mb4_general_ci;

--
-- Dumping data for table `tbl_role`
--

INSERT INTO `tbl_role` (`id`, `role_name`, `status`, `is_delete`, `created_at`, `updated_at`) VALUES
(1, 'Account Owner', 1, '1', '2025-03-24 04:29:20', '2025-04-07 05:55:21'),
(2, 'Inventory Manager', 1, '1', '2025-03-24 04:29:20', '2025-03-24 04:29:20'),
(3, 'Staff', 1, '1', '2025-03-24 04:29:20', '2025-03-24 04:29:20');

-- --------------------------------------------------------

--
-- Table structure for table `tbl_sale_channel`
--

CREATE TABLE `tbl_sale_channel` (
  `id` bigint(20) NOT NULL,
  `channel_type` varchar(100) DEFAULT NULL,
  `sale_channel` varchar(100) DEFAULT NULL,
  `status` int(11) NOT NULL DEFAULT 1,
  `is_delete` enum('1','0') NOT NULL,
  `created_at` timestamp NOT NULL DEFAULT current_timestamp(),
  `updated_at` timestamp NOT NULL DEFAULT current_timestamp() ON UPDATE current_timestamp()
) ENGINE=InnoDB DEFAULT CHARSET=utf8mb4 COLLATE=utf8mb4_general_ci;

--
-- Dumping data for table `tbl_sale_channel`
--

INSERT INTO `tbl_sale_channel` (`id`, `channel_type`, `sale_channel`, `status`, `is_delete`, `created_at`, `updated_at`) VALUES
(1, 'Online', 'Amazon', 1, '1', '2025-03-25 03:59:32', '2025-04-01 05:14:20'),
(2, 'Online', 'Flipkart', 1, '1', '2025-03-25 07:24:09', '2025-04-01 04:43:08'),
(3, 'Offline', 'Retail Store', 1, '1', '2025-03-25 07:24:17', '2025-04-07 06:34:25'),
(4, NULL, 'asss', 1, '0', '2025-04-08 08:54:08', '2025-04-10 04:14:00'),
(5, 'Online', 'Website', 1, '1', '2025-05-12 03:34:02', '2025-05-12 03:34:19');

-- --------------------------------------------------------

--
-- Table structure for table `tbl_sidebar`
--

CREATE TABLE `tbl_sidebar` (
  `id` bigint(20) NOT NULL,
  `sidebar_name` varchar(100) DEFAULT NULL,
  `created_at` datetime NOT NULL DEFAULT current_timestamp()
) ENGINE=InnoDB DEFAULT CHARSET=utf8mb4 COLLATE=utf8mb4_general_ci;

--
-- Dumping data for table `tbl_sidebar`
--

INSERT INTO `tbl_sidebar` (`id`, `sidebar_name`, `created_at`) VALUES
(1, 'Dashboard', '2025-04-06 13:46:33'),
(2, 'Staff', '2025-04-06 13:46:33'),
(3, 'Product Type', '2025-04-06 13:46:33'),
(4, 'Product Attribute', '2025-04-06 13:46:33'),
(5, 'Product Attribute Value', '2025-04-06 13:47:35'),
(6, 'Sale Channel', '2025-04-06 13:47:35'),
(7, 'Product', '2025-04-06 13:47:35'),
(8, 'Order Detail', '2025-04-06 13:53:58'),
(9, 'Role and Access', '2025-04-06 13:53:58'),
(10, 'Inventory', '2025-04-16 11:14:02'),
(11, 'Sourcing Partner', '2025-05-01 09:24:06'),
(12, 'SKU Code Master', '2025-05-13 18:00:38');

-- --------------------------------------------------------

--
-- Table structure for table `tbl_sku_code_master`
--

CREATE TABLE `tbl_sku_code_master` (
  `id` bigint(20) NOT NULL,
  `sku_code` varchar(250) DEFAULT NULL,
  `status` int(11) NOT NULL DEFAULT 1,
  `is_delete` enum('1','0') NOT NULL,
  `created_at` datetime NOT NULL DEFAULT current_timestamp(),
  `updated_at` datetime NOT NULL DEFAULT current_timestamp() ON UPDATE current_timestamp()
) ENGINE=InnoDB DEFAULT CHARSET=utf8mb4 COLLATE=utf8mb4_general_ci;

--
-- Dumping data for table `tbl_sku_code_master`
--

INSERT INTO `tbl_sku_code_master` (`id`, `sku_code`, `status`, `is_delete`, `created_at`, `updated_at`) VALUES
(1, 'NIA-ACACIA-250g', 1, '1', '2025-04-24 15:23:14', '2025-04-24 15:23:14'),
(2, 'NIA-ACACIA-500g', 1, '1', '2025-04-24 15:23:34', '2025-04-24 15:23:34'),
(3, 'NIA-RAWORGANIC-250g', 1, '1', '2025-04-24 15:26:23', '2025-04-24 15:26:23'),
(4, 'NIA-RAWORGANIC-500g', 1, '1', '2025-04-24 15:26:31', '2025-04-24 15:26:31'),
(5, 'NIA-NEEM-250g', 1, '1', '2025-04-24 15:26:50', '2025-04-24 15:26:50'),
(6, 'NIA-NEEM-500g', 1, '1', '2025-04-24 15:26:58', '2025-04-24 15:26:58'),
(7, 'NIA-TULSI-250g', 1, '1', '2025-04-24 15:27:18', '2025-04-24 15:27:18'),
(8, 'NIA-TULSI-500g', 1, '1', '2025-04-24 15:27:40', '2025-04-24 15:27:40'),
(9, 'NIA-MULTIFLORA-250g', 1, '1', '2025-04-24 15:28:17', '2025-04-24 15:28:17'),
(10, 'NIA-MULTIFLORA-500g', 1, '1', '2025-04-24 15:28:52', '2025-04-24 15:28:52'),
(11, 'NIA-HIMALAYAN-250g', 1, '1', '2025-04-24 15:29:39', '2025-04-24 15:29:39'),
(12, 'NIA-HIMALAYAN-500g', 1, '1', '2025-04-24 15:29:46', '2025-04-24 15:29:46'),
(13, 'NIA-AJWAIN-250g', 1, '1', '2025-04-24 15:30:23', '2025-04-24 15:30:23'),
(14, 'NIA-AJWAIN-500g', 1, '1', '2025-04-24 15:30:31', '2025-04-24 15:30:31'),
(15, 'NIA-FOREST-250g', 1, '1', '2025-04-24 15:30:51', '2025-04-24 15:30:51'),
(16, 'NIA-FOREST-500g', 1, '1', '2025-04-24 15:31:06', '2025-04-24 15:31:06'),
(17, 'NIA-SIDR-250g', 1, '1', '2025-04-24 15:35:59', '2025-04-24 15:35:59'),
(18, 'NIA-SIDR-500g', 1, '1', '2025-04-24 15:36:13', '2025-04-24 15:36:13'),
(19, 'NIA-JAMUN-250g', 1, '1', '2025-04-24 15:36:43', '2025-04-24 15:36:43'),
(20, 'NIA-JAMUN-500g', 1, '1', '2025-04-24 15:36:54', '2025-04-24 15:36:54'),
(21, 'NIA-NATURALPURE-250g', 1, '1', '2025-04-24 15:37:17', '2025-04-24 15:37:17'),
(22, 'NIA-NATURALPURE-500g', 1, '1', '2025-04-24 15:37:32', '2025-04-24 15:37:32'),
(23, 'NIA-KASHMIRWHITE-250g', 1, '1', '2025-04-24 15:38:46', '2025-04-24 15:38:46'),
(24, 'NIA-KASHMIRWHITE-500g', 1, '1', '2025-04-24 15:39:02', '2025-04-24 15:39:02'),
(25, 'NIA-EUCALYPTUS-250g', 1, '1', '2025-04-24 15:40:09', '2025-04-24 15:40:09'),
(26, 'NIA-EUCALYPTUS-500g', 1, '1', '2025-04-24 15:40:18', '2025-04-24 15:40:18'),
(27, 'NIA-ROSEWOOD-250g', 1, '1', '2025-04-24 15:41:33', '2025-04-24 15:41:33'),
(28, 'NIA-ROSEWOOD-500g', 1, '1', '2025-04-24 15:41:39', '2025-04-24 15:41:39'),
(29, 'NIA-LITCHI-250g', 1, '1', '2025-04-24 15:42:51', '2025-04-24 15:42:51'),
(30, 'NIA-LITCHI-500g', 1, '1', '2025-04-24 15:42:59', '2025-04-24 15:42:59'),
(31, 'NIA-TULSI-500g', 0, '0', '2025-05-01 10:17:07', '2025-05-02 09:25:50'),
(32, '', 0, '0', '2025-05-01 10:17:07', '2025-05-02 09:25:48'),
(33, 'NIA-ACACIA-400g', 1, '1', '2025-05-20 16:14:44', '2025-05-20 16:14:44'),
(34, 'NIA-ACACIA-125g', 1, '1', '2025-05-20 16:15:41', '2025-05-20 16:15:41'),
(35, 'NIA-MULTIFLORA-400g', 1, '1', '2025-05-20 16:20:16', '2025-05-20 16:20:16'),
(36, 'NIA-MULTIFLORA-125g', 1, '1', '2025-05-20 16:20:25', '2025-05-20 16:20:25'),
(37, 'NIA-FOREST-400g', 1, '1', '2025-05-20 16:53:40', '2025-05-20 16:53:40'),
(38, 'NIA-FOREST-125g', 1, '1', '2025-05-20 16:53:48', '2025-05-20 16:53:48'),
(39, 'NIA-SUNFLOWERSEEDS-200g', 1, '1', '2025-05-23 11:30:32', '2025-05-23 11:51:17'),
(40, 'NIA-FLAXSEEDS-200g', 1, '1', '2025-05-23 11:33:01', '2025-05-23 11:51:17'),
(41, 'NIA-PUMPKINSEEDS-200g', 1, '1', '2025-05-23 11:33:20', '2025-05-23 11:51:17'),
(42, 'NIA-CHIASEEDS-200g', 1, '1', '2025-05-23 11:33:31', '2025-05-23 11:51:17');

-- --------------------------------------------------------

--
-- Table structure for table `tbl_sourcing_partner`
--

CREATE TABLE `tbl_sourcing_partner` (
  `id` bigint(20) NOT NULL,
  `name` varchar(100) DEFAULT NULL,
  `address` longtext DEFAULT NULL,
  `email` varchar(100) DEFAULT NULL,
  `contact_no` varchar(20) DEFAULT NULL,
  `is_delete` enum('1','0') NOT NULL,
  `created_at` timestamp NOT NULL DEFAULT current_timestamp(),
  `updated_at` timestamp NOT NULL DEFAULT current_timestamp() ON UPDATE current_timestamp()
) ENGINE=InnoDB DEFAULT CHARSET=utf8mb4 COLLATE=utf8mb4_general_ci;

--
-- Dumping data for table `tbl_sourcing_partner`
--

INSERT INTO `tbl_sourcing_partner` (`id`, `name`, `address`, `email`, `contact_no`, `is_delete`, `created_at`, `updated_at`) VALUES
(1, 'Test Source Partner', 'Mumbai', 'testing@test.com', '1234567890', '1', '2025-05-01 12:29:15', '2025-05-12 03:34:40'),
(2, 'Orazen Healthcare LLP', '83, Ashish Nagar, Bangali Chouraha, Indore, Madhya Pradesh - 452001', 'orazenhealthcare@gmail.com', '9399170067', '1', '2025-05-23 05:54:57', '2025-05-23 05:54:57');

-- --------------------------------------------------------

--
-- Table structure for table `tbl_stock_availability`
--

CREATE TABLE `tbl_stock_availability` (
  `id` bigint(20) NOT NULL,
  `stock_availability` varchar(100) DEFAULT NULL,
  `status` int(11) NOT NULL DEFAULT 1,
  `is_delete` enum('1','0') NOT NULL,
  `created_at` timestamp NOT NULL DEFAULT current_timestamp(),
  `updated_at` timestamp NOT NULL DEFAULT current_timestamp() ON UPDATE current_timestamp()
) ENGINE=InnoDB DEFAULT CHARSET=utf8mb4 COLLATE=utf8mb4_general_ci;

--
-- Dumping data for table `tbl_stock_availability`
--

INSERT INTO `tbl_stock_availability` (`id`, `stock_availability`, `status`, `is_delete`, `created_at`, `updated_at`) VALUES
(1, 'In Stock', 1, '1', '2025-03-24 04:30:59', '2025-03-24 04:30:59'),
(2, 'Out Of Stock', 1, '1', '2025-03-24 04:30:59', '2025-03-24 04:30:59');

-- --------------------------------------------------------

--
-- Table structure for table `tbl_user`
--

CREATE TABLE `tbl_user` (
  `id` bigint(20) NOT NULL,
  `name` varchar(100) DEFAULT NULL,
  `email` varchar(100) DEFAULT NULL,
  `password` longtext DEFAULT NULL,
  `fk_role_id` int(11) DEFAULT NULL,
  `status` int(11) NOT NULL DEFAULT 1,
  `is_delete` enum('1','0') NOT NULL,
  `created_at` timestamp NOT NULL DEFAULT current_timestamp(),
  `updated_at` timestamp NOT NULL DEFAULT current_timestamp() ON UPDATE current_timestamp()
) ENGINE=InnoDB DEFAULT CHARSET=utf8mb4 COLLATE=utf8mb4_general_ci;

--
-- Dumping data for table `tbl_user`
--

INSERT INTO `tbl_user` (`id`, `name`, `email`, `password`, `fk_role_id`, `status`, `is_delete`, `created_at`, `updated_at`) VALUES
(1, 'Admin Admin', 'admin@admin.com', 'YkpnZDA3Vis4YXJmcnh4VXRzeE5jdz09', 1, 1, '1', '2025-03-24 00:08:50', '2025-03-27 06:46:07'),
(2, 'Inventory Manager', 'deependra@sda-zone.com', 'WkpTcGFCQy8yVk1ENHR1VlJBTTJRQT09', 2, 1, '1', '2025-03-26 12:40:37', '2025-05-13 12:34:12'),
(3, 'Staff Staff', 'Staff@gmail.com', 'WkpTcGFCQy8yVk1ENHR1VlJBTTJRQT09', 3, 1, '1', '2025-03-27 06:59:38', '2025-03-27 06:59:38');

-- --------------------------------------------------------

--
-- Table structure for table `tbl_user_log`
--

CREATE TABLE `tbl_user_log` (
  `id` int(11) NOT NULL,
  `fk_user_id` int(11) NOT NULL,
  `action` varchar(255) NOT NULL,
  `inserted_table` varchar(100) DEFAULT NULL,
  `inserted_data` longtext CHARACTER SET utf8mb4 COLLATE utf8mb4_bin DEFAULT NULL CHECK (json_valid(`inserted_data`)),
  `ip_address` varchar(100) DEFAULT NULL,
  `user_agent` text DEFAULT NULL,
  `created_at` timestamp NOT NULL DEFAULT current_timestamp()
) ENGINE=InnoDB DEFAULT CHARSET=utf8mb4 COLLATE=utf8mb4_general_ci;

--
-- Dumping data for table `tbl_user_log`
--

INSERT INTO `tbl_user_log` (`id`, `fk_user_id`, `action`, `inserted_table`, `inserted_data`, `ip_address`, `user_agent`, `created_at`) VALUES
(1, 1, 'Inserted Attribute', 'tbl_attribute_master', '{\"fk_product_type_id\":\"5\",\"attribute_name\":\"Seed Name\",\"attribute_type\":\"dropdown\"}', '103.76.77.168', 'Mozilla/5.0 (Windows NT 10.0; Win64; x64) AppleWebKit/537.36 (KHTML, like Gecko) Chrome/136.0.0.0 Safari/537.36', '2025-05-23 05:39:26'),
(2, 1, 'Inserted Attribute', 'tbl_attribute_master', '{\"fk_product_type_id\":\"5\",\"attribute_name\":\"Net Weight\",\"attribute_type\":\"dropdown\"}', '103.76.77.168', 'Mozilla/5.0 (Windows NT 10.0; Win64; x64) AppleWebKit/537.36 (KHTML, like Gecko) Chrome/136.0.0.0 Safari/537.36', '2025-05-23 05:43:19'),
(3, 1, 'Inserted Attribute Value', 'tbl_attribute_values', '{\"fk_attribute_id\":\"4\",\"attribute_value\":\"FLAX SEEDS\"}', '103.76.77.168', 'Mozilla/5.0 (Windows NT 10.0; Win64; x64) AppleWebKit/537.36 (KHTML, like Gecko) Chrome/136.0.0.0 Safari/537.36', '2025-05-23 05:47:06'),
(4, 1, 'Inserted Attribute Value', 'tbl_attribute_values', '{\"fk_attribute_id\":\"4\",\"attribute_value\":\"PUMPKIN SEEDS\"}', '103.76.77.168', 'Mozilla/5.0 (Windows NT 10.0; Win64; x64) AppleWebKit/537.36 (KHTML, like Gecko) Chrome/136.0.0.0 Safari/537.36', '2025-05-23 05:47:31'),
(5, 1, 'Inserted Attribute Value', 'tbl_attribute_values', '{\"fk_attribute_id\":\"4\",\"attribute_value\":\"SUNFLOWER SEEDS\"}', '103.76.77.168', 'Mozilla/5.0 (Windows NT 10.0; Win64; x64) AppleWebKit/537.36 (KHTML, like Gecko) Chrome/136.0.0.0 Safari/537.36', '2025-05-23 05:47:56'),
(6, 1, 'Inserted Attribute Value', 'tbl_attribute_values', '{\"fk_attribute_id\":\"4\",\"attribute_value\":\"CHIA SEEDS\"}', '103.76.77.168', 'Mozilla/5.0 (Windows NT 10.0; Win64; x64) AppleWebKit/537.36 (KHTML, like Gecko) Chrome/136.0.0.0 Safari/537.36', '2025-05-23 05:48:09'),
(7, 1, 'Inserted Attribute Value', 'tbl_attribute_values', '{\"fk_attribute_id\":\"5\",\"attribute_value\":\"200gm\"}', '103.76.77.168', 'Mozilla/5.0 (Windows NT 10.0; Win64; x64) AppleWebKit/537.36 (KHTML, like Gecko) Chrome/136.0.0.0 Safari/537.36', '2025-05-23 05:49:08'),
(8, 1, 'Insert Sourcing Partner', 'tbl_sourcing_partner', '{\"name\":\"Orazen Healthcare LLP\",\"email\":\"orazenhealthcare@gmail.com\",\"contact_no\":\"9399170067\",\"address\":\"83, Ashish Nagar, Bangali Chouraha, Indore, Madhya Pradesh - 452001\"}', '103.76.77.168', 'Mozilla/5.0 (Windows NT 10.0; Win64; x64) AppleWebKit/537.36 (KHTML, like Gecko) Chrome/136.0.0.0 Safari/537.36', '2025-05-23 05:54:57'),
(9, 1, 'Insert Product', 'tbl_product_master', '{\"product_name\":\"Neem 250g\",\"product_sku_code\":\"5\",\"fk_stock_availability_id\":\"1\",\"barcode\":null,\"description\":\"Description\",\"fk_product_types_id\":\"1\"}', '::1', 'Mozilla/5.0 (Windows NT 10.0; Win64; x64) AppleWebKit/537.36 (KHTML, like Gecko) Chrome/136.0.0.0 Safari/537.36', '2025-05-23 10:10:22'),
(10, 1, 'Insert Product Batch', 'tbl_product_batches', '{\"fk_product_id\":1,\"batch_no\":\"1210\",\"quantity\":\"16\",\"manufactured_date\":\"2024\\/10\\/20\",\"expiry_date\":\"2027\\/10\\/19\",\"purchase_date\":\"2025-01-01\"}', '::1', 'Mozilla/5.0 (Windows NT 10.0; Win64; x64) AppleWebKit/537.36 (KHTML, like Gecko) Chrome/136.0.0.0 Safari/537.36', '2025-05-23 10:10:22'),
(11, 1, 'Insert Product Price', 'tbl_product_price', '{\"fk_product_id\":1,\"fk_batch_id\":1,\"purchase_price\":\"115.5\",\"MRP\":\"700\",\"selling_price\":null}', '::1', 'Mozilla/5.0 (Windows NT 10.0; Win64; x64) AppleWebKit/537.36 (KHTML, like Gecko) Chrome/136.0.0.0 Safari/537.36', '2025-05-23 10:10:22'),
(12, 1, 'Insert Product Inventory', 'tbl_product_inventory', '{\"fk_product_id\":1,\"fk_batch_id\":1,\"fk_sourcing_partner_id\":\"1\",\"add_quantity\":\"16\",\"total_quantity\":\"16\",\"used_status\":1,\"fk_login_id\":\"1\",\"fk_inventory_entry_type\":\"1\"}', '::1', 'Mozilla/5.0 (Windows NT 10.0; Win64; x64) AppleWebKit/537.36 (KHTML, like Gecko) Chrome/136.0.0.0 Safari/537.36', '2025-05-23 10:10:22'),
(13, 1, 'Insert Product', 'tbl_product_master', '{\"product_name\":\"Neem 500g\",\"product_sku_code\":\"6\",\"fk_stock_availability_id\":\"1\",\"barcode\":null,\"description\":\"Description\",\"fk_product_types_id\":\"1\"}', '::1', 'Mozilla/5.0 (Windows NT 10.0; Win64; x64) AppleWebKit/537.36 (KHTML, like Gecko) Chrome/136.0.0.0 Safari/537.36', '2025-05-23 10:10:22'),
(14, 1, 'Insert Product Batch', 'tbl_product_batches', '{\"fk_product_id\":2,\"batch_no\":\"1210\",\"quantity\":\"10\",\"manufactured_date\":\"2024\\/10\\/20\",\"expiry_date\":\"2027\\/10\\/19\",\"purchase_date\":\"2025-01-01\"}', '::1', 'Mozilla/5.0 (Windows NT 10.0; Win64; x64) AppleWebKit/537.36 (KHTML, like Gecko) Chrome/136.0.0.0 Safari/537.36', '2025-05-23 10:10:23'),
(15, 1, 'Insert Product Price', 'tbl_product_price', '{\"fk_product_id\":2,\"fk_batch_id\":2,\"purchase_price\":\"115.5\",\"MRP\":\"1050\",\"selling_price\":null}', '::1', 'Mozilla/5.0 (Windows NT 10.0; Win64; x64) AppleWebKit/537.36 (KHTML, like Gecko) Chrome/136.0.0.0 Safari/537.36', '2025-05-23 10:10:23'),
(16, 1, 'Insert Product Inventory', 'tbl_product_inventory', '{\"fk_product_id\":2,\"fk_batch_id\":2,\"fk_sourcing_partner_id\":\"1\",\"add_quantity\":\"10\",\"total_quantity\":\"10\",\"used_status\":1,\"fk_login_id\":\"1\",\"fk_inventory_entry_type\":\"1\"}', '::1', 'Mozilla/5.0 (Windows NT 10.0; Win64; x64) AppleWebKit/537.36 (KHTML, like Gecko) Chrome/136.0.0.0 Safari/537.36', '2025-05-23 10:10:23'),
(17, 1, 'Insert Product', 'tbl_product_master', '{\"product_name\":\"Ajwain 250g\",\"product_sku_code\":\"13\",\"fk_stock_availability_id\":\"1\",\"barcode\":null,\"description\":\"Description\",\"fk_product_types_id\":\"1\"}', '::1', 'Mozilla/5.0 (Windows NT 10.0; Win64; x64) AppleWebKit/537.36 (KHTML, like Gecko) Chrome/136.0.0.0 Safari/537.36', '2025-05-23 10:10:23'),
(18, 1, 'Insert Product Batch', 'tbl_product_batches', '{\"fk_product_id\":3,\"batch_no\":\"1210\",\"quantity\":\"18\",\"manufactured_date\":\"2024\\/10\\/20\",\"expiry_date\":\"2027\\/10\\/19\",\"purchase_date\":\"2025-01-01\"}', '::1', 'Mozilla/5.0 (Windows NT 10.0; Win64; x64) AppleWebKit/537.36 (KHTML, like Gecko) Chrome/136.0.0.0 Safari/537.36', '2025-05-23 10:10:23'),
(19, 1, 'Insert Product Price', 'tbl_product_price', '{\"fk_product_id\":3,\"fk_batch_id\":3,\"purchase_price\":\"115.5\",\"MRP\":\"700\",\"selling_price\":null}', '::1', 'Mozilla/5.0 (Windows NT 10.0; Win64; x64) AppleWebKit/537.36 (KHTML, like Gecko) Chrome/136.0.0.0 Safari/537.36', '2025-05-23 10:10:23'),
(20, 1, 'Insert Product Inventory', 'tbl_product_inventory', '{\"fk_product_id\":3,\"fk_batch_id\":3,\"fk_sourcing_partner_id\":\"1\",\"add_quantity\":\"18\",\"total_quantity\":\"18\",\"used_status\":1,\"fk_login_id\":\"1\",\"fk_inventory_entry_type\":\"1\"}', '::1', 'Mozilla/5.0 (Windows NT 10.0; Win64; x64) AppleWebKit/537.36 (KHTML, like Gecko) Chrome/136.0.0.0 Safari/537.36', '2025-05-23 10:10:23'),
(21, 1, 'Insert Product', 'tbl_product_master', '{\"product_name\":\"Ajwain 500g\",\"product_sku_code\":\"14\",\"fk_stock_availability_id\":\"1\",\"barcode\":null,\"description\":\"Description\",\"fk_product_types_id\":\"1\"}', '::1', 'Mozilla/5.0 (Windows NT 10.0; Win64; x64) AppleWebKit/537.36 (KHTML, like Gecko) Chrome/136.0.0.0 Safari/537.36', '2025-05-23 10:10:24'),
(22, 1, 'Insert Product Batch', 'tbl_product_batches', '{\"fk_product_id\":4,\"batch_no\":\"1210\",\"quantity\":\"3\",\"manufactured_date\":\"2024\\/10\\/20\",\"expiry_date\":\"2027\\/10\\/19\",\"purchase_date\":\"2025-01-01\"}', '::1', 'Mozilla/5.0 (Windows NT 10.0; Win64; x64) AppleWebKit/537.36 (KHTML, like Gecko) Chrome/136.0.0.0 Safari/537.36', '2025-05-23 10:10:24'),
(23, 1, 'Insert Product Price', 'tbl_product_price', '{\"fk_product_id\":4,\"fk_batch_id\":4,\"purchase_price\":\"115.5\",\"MRP\":\"1050\",\"selling_price\":null}', '::1', 'Mozilla/5.0 (Windows NT 10.0; Win64; x64) AppleWebKit/537.36 (KHTML, like Gecko) Chrome/136.0.0.0 Safari/537.36', '2025-05-23 10:10:24'),
(24, 1, 'Insert Product Inventory', 'tbl_product_inventory', '{\"fk_product_id\":4,\"fk_batch_id\":4,\"fk_sourcing_partner_id\":\"1\",\"add_quantity\":\"3\",\"total_quantity\":\"3\",\"used_status\":1,\"fk_login_id\":\"1\",\"fk_inventory_entry_type\":\"1\"}', '::1', 'Mozilla/5.0 (Windows NT 10.0; Win64; x64) AppleWebKit/537.36 (KHTML, like Gecko) Chrome/136.0.0.0 Safari/537.36', '2025-05-23 10:10:24'),
(25, 1, 'Insert Product', 'tbl_product_master', '{\"product_name\":\"Tulsi 250g\",\"product_sku_code\":\"7\",\"fk_stock_availability_id\":\"1\",\"barcode\":null,\"description\":\"Description\",\"fk_product_types_id\":\"1\"}', '::1', 'Mozilla/5.0 (Windows NT 10.0; Win64; x64) AppleWebKit/537.36 (KHTML, like Gecko) Chrome/136.0.0.0 Safari/537.36', '2025-05-23 10:10:24'),
(26, 1, 'Insert Product Batch', 'tbl_product_batches', '{\"fk_product_id\":5,\"batch_no\":\"1210\",\"quantity\":\"6\",\"manufactured_date\":\"2024\\/10\\/20\",\"expiry_date\":\"2027\\/10\\/19\",\"purchase_date\":\"2025-01-01\"}', '::1', 'Mozilla/5.0 (Windows NT 10.0; Win64; x64) AppleWebKit/537.36 (KHTML, like Gecko) Chrome/136.0.0.0 Safari/537.36', '2025-05-23 10:10:24'),
(27, 1, 'Insert Product Price', 'tbl_product_price', '{\"fk_product_id\":5,\"fk_batch_id\":5,\"purchase_price\":\"115.5\",\"MRP\":\"700\",\"selling_price\":null}', '::1', 'Mozilla/5.0 (Windows NT 10.0; Win64; x64) AppleWebKit/537.36 (KHTML, like Gecko) Chrome/136.0.0.0 Safari/537.36', '2025-05-23 10:10:24'),
(28, 1, 'Insert Product Inventory', 'tbl_product_inventory', '{\"fk_product_id\":5,\"fk_batch_id\":5,\"fk_sourcing_partner_id\":\"1\",\"add_quantity\":\"6\",\"total_quantity\":\"6\",\"used_status\":1,\"fk_login_id\":\"1\",\"fk_inventory_entry_type\":\"1\"}', '::1', 'Mozilla/5.0 (Windows NT 10.0; Win64; x64) AppleWebKit/537.36 (KHTML, like Gecko) Chrome/136.0.0.0 Safari/537.36', '2025-05-23 10:10:24'),
(29, 1, 'Insert Product', 'tbl_product_master', '{\"product_name\":\"Tulsi 500g\",\"product_sku_code\":\"8\",\"fk_stock_availability_id\":\"1\",\"barcode\":null,\"description\":\"Description\",\"fk_product_types_id\":\"1\"}', '::1', 'Mozilla/5.0 (Windows NT 10.0; Win64; x64) AppleWebKit/537.36 (KHTML, like Gecko) Chrome/136.0.0.0 Safari/537.36', '2025-05-23 10:10:24'),
(30, 1, 'Insert Product Batch', 'tbl_product_batches', '{\"fk_product_id\":6,\"batch_no\":\"1210\",\"quantity\":\"3\",\"manufactured_date\":\"2024\\/10\\/20\",\"expiry_date\":\"2027\\/10\\/19\",\"purchase_date\":\"2025-01-01\"}', '::1', 'Mozilla/5.0 (Windows NT 10.0; Win64; x64) AppleWebKit/537.36 (KHTML, like Gecko) Chrome/136.0.0.0 Safari/537.36', '2025-05-23 10:10:25'),
(31, 1, 'Insert Product Price', 'tbl_product_price', '{\"fk_product_id\":6,\"fk_batch_id\":6,\"purchase_price\":\"115.5\",\"MRP\":\"1050\",\"selling_price\":null}', '::1', 'Mozilla/5.0 (Windows NT 10.0; Win64; x64) AppleWebKit/537.36 (KHTML, like Gecko) Chrome/136.0.0.0 Safari/537.36', '2025-05-23 10:10:25'),
(32, 1, 'Insert Product Inventory', 'tbl_product_inventory', '{\"fk_product_id\":6,\"fk_batch_id\":6,\"fk_sourcing_partner_id\":\"1\",\"add_quantity\":\"3\",\"total_quantity\":\"3\",\"used_status\":1,\"fk_login_id\":\"1\",\"fk_inventory_entry_type\":\"1\"}', '::1', 'Mozilla/5.0 (Windows NT 10.0; Win64; x64) AppleWebKit/537.36 (KHTML, like Gecko) Chrome/136.0.0.0 Safari/537.36', '2025-05-23 10:10:25'),
(33, 1, 'Insert Product', 'tbl_product_master', '{\"product_name\":\"Acacia 250g\",\"product_sku_code\":\"1\",\"fk_stock_availability_id\":\"1\",\"barcode\":null,\"description\":\"Description\",\"fk_product_types_id\":\"1\"}', '::1', 'Mozilla/5.0 (Windows NT 10.0; Win64; x64) AppleWebKit/537.36 (KHTML, like Gecko) Chrome/136.0.0.0 Safari/537.36', '2025-05-23 10:10:25'),
(34, 1, 'Insert Product Batch', 'tbl_product_batches', '{\"fk_product_id\":7,\"batch_no\":\"1210\",\"quantity\":\"3\",\"manufactured_date\":\"2024\\/10\\/20\",\"expiry_date\":\"2027\\/10\\/19\",\"purchase_date\":\"2025-01-01\"}', '::1', 'Mozilla/5.0 (Windows NT 10.0; Win64; x64) AppleWebKit/537.36 (KHTML, like Gecko) Chrome/136.0.0.0 Safari/537.36', '2025-05-23 10:10:25'),
(35, 1, 'Insert Product Price', 'tbl_product_price', '{\"fk_product_id\":7,\"fk_batch_id\":7,\"purchase_price\":\"115.5\",\"MRP\":\"700\",\"selling_price\":null}', '::1', 'Mozilla/5.0 (Windows NT 10.0; Win64; x64) AppleWebKit/537.36 (KHTML, like Gecko) Chrome/136.0.0.0 Safari/537.36', '2025-05-23 10:10:25'),
(36, 1, 'Insert Product Inventory', 'tbl_product_inventory', '{\"fk_product_id\":7,\"fk_batch_id\":7,\"fk_sourcing_partner_id\":\"1\",\"add_quantity\":\"3\",\"total_quantity\":\"3\",\"used_status\":1,\"fk_login_id\":\"1\",\"fk_inventory_entry_type\":\"1\"}', '::1', 'Mozilla/5.0 (Windows NT 10.0; Win64; x64) AppleWebKit/537.36 (KHTML, like Gecko) Chrome/136.0.0.0 Safari/537.36', '2025-05-23 10:10:25'),
(37, 1, 'Insert Product', 'tbl_product_master', '{\"product_name\":\"Acacia 500g\",\"product_sku_code\":\"2\",\"fk_stock_availability_id\":\"1\",\"barcode\":null,\"description\":\"Description\",\"fk_product_types_id\":\"1\"}', '::1', 'Mozilla/5.0 (Windows NT 10.0; Win64; x64) AppleWebKit/537.36 (KHTML, like Gecko) Chrome/136.0.0.0 Safari/537.36', '2025-05-23 10:10:26'),
(38, 1, 'Insert Product Batch', 'tbl_product_batches', '{\"fk_product_id\":8,\"batch_no\":\"1210\",\"quantity\":\"1\",\"manufactured_date\":\"2024\\/10\\/20\",\"expiry_date\":\"2027\\/10\\/19\",\"purchase_date\":\"2025-01-01\"}', '::1', 'Mozilla/5.0 (Windows NT 10.0; Win64; x64) AppleWebKit/537.36 (KHTML, like Gecko) Chrome/136.0.0.0 Safari/537.36', '2025-05-23 10:10:26'),
(39, 1, 'Insert Product Price', 'tbl_product_price', '{\"fk_product_id\":8,\"fk_batch_id\":8,\"purchase_price\":\"115.5\",\"MRP\":\"1050\",\"selling_price\":null}', '::1', 'Mozilla/5.0 (Windows NT 10.0; Win64; x64) AppleWebKit/537.36 (KHTML, like Gecko) Chrome/136.0.0.0 Safari/537.36', '2025-05-23 10:10:26'),
(40, 1, 'Insert Product Inventory', 'tbl_product_inventory', '{\"fk_product_id\":8,\"fk_batch_id\":8,\"fk_sourcing_partner_id\":\"1\",\"add_quantity\":\"1\",\"total_quantity\":\"1\",\"used_status\":1,\"fk_login_id\":\"1\",\"fk_inventory_entry_type\":\"1\"}', '::1', 'Mozilla/5.0 (Windows NT 10.0; Win64; x64) AppleWebKit/537.36 (KHTML, like Gecko) Chrome/136.0.0.0 Safari/537.36', '2025-05-23 10:10:26'),
(41, 1, 'Insert Product', 'tbl_product_master', '{\"product_name\":\"Acacia 400g\",\"product_sku_code\":\"33\",\"fk_stock_availability_id\":\"1\",\"barcode\":null,\"description\":\"Description\",\"fk_product_types_id\":\"1\"}', '::1', 'Mozilla/5.0 (Windows NT 10.0; Win64; x64) AppleWebKit/537.36 (KHTML, like Gecko) Chrome/136.0.0.0 Safari/537.36', '2025-05-23 10:10:26'),
(42, 1, 'Insert Product Batch', 'tbl_product_batches', '{\"fk_product_id\":9,\"batch_no\":\"1210\",\"quantity\":\"7\",\"manufactured_date\":\"2024\\/10\\/20\",\"expiry_date\":\"2027\\/10\\/19\",\"purchase_date\":\"2025-01-01\"}', '::1', 'Mozilla/5.0 (Windows NT 10.0; Win64; x64) AppleWebKit/537.36 (KHTML, like Gecko) Chrome/136.0.0.0 Safari/537.36', '2025-05-23 10:10:26'),
(43, 1, 'Insert Product Price', 'tbl_product_price', '{\"fk_product_id\":9,\"fk_batch_id\":9,\"purchase_price\":\"115.5\",\"MRP\":\"400\",\"selling_price\":null}', '::1', 'Mozilla/5.0 (Windows NT 10.0; Win64; x64) AppleWebKit/537.36 (KHTML, like Gecko) Chrome/136.0.0.0 Safari/537.36', '2025-05-23 10:10:26'),
(44, 1, 'Insert Product Inventory', 'tbl_product_inventory', '{\"fk_product_id\":9,\"fk_batch_id\":9,\"fk_sourcing_partner_id\":\"1\",\"add_quantity\":\"7\",\"total_quantity\":\"7\",\"used_status\":1,\"fk_login_id\":\"1\",\"fk_inventory_entry_type\":\"1\"}', '::1', 'Mozilla/5.0 (Windows NT 10.0; Win64; x64) AppleWebKit/537.36 (KHTML, like Gecko) Chrome/136.0.0.0 Safari/537.36', '2025-05-23 10:10:26'),
(45, 1, 'Insert Product', 'tbl_product_master', '{\"product_name\":\"Acacia 125g\",\"product_sku_code\":\"34\",\"fk_stock_availability_id\":\"1\",\"barcode\":null,\"description\":\"Description\",\"fk_product_types_id\":\"1\"}', '::1', 'Mozilla/5.0 (Windows NT 10.0; Win64; x64) AppleWebKit/537.36 (KHTML, like Gecko) Chrome/136.0.0.0 Safari/537.36', '2025-05-23 10:10:26'),
(46, 1, 'Insert Product Batch', 'tbl_product_batches', '{\"fk_product_id\":10,\"batch_no\":\"1210\",\"quantity\":\"10\",\"manufactured_date\":\"2024\\/10\\/20\",\"expiry_date\":\"2027\\/10\\/19\",\"purchase_date\":\"2025-01-01\"}', '::1', 'Mozilla/5.0 (Windows NT 10.0; Win64; x64) AppleWebKit/537.36 (KHTML, like Gecko) Chrome/136.0.0.0 Safari/537.36', '2025-05-23 10:10:26'),
(47, 1, 'Insert Product Price', 'tbl_product_price', '{\"fk_product_id\":10,\"fk_batch_id\":10,\"purchase_price\":\"115.5\",\"MRP\":\"400\",\"selling_price\":null}', '::1', 'Mozilla/5.0 (Windows NT 10.0; Win64; x64) AppleWebKit/537.36 (KHTML, like Gecko) Chrome/136.0.0.0 Safari/537.36', '2025-05-23 10:10:26'),
(48, 1, 'Insert Product Inventory', 'tbl_product_inventory', '{\"fk_product_id\":10,\"fk_batch_id\":10,\"fk_sourcing_partner_id\":\"1\",\"add_quantity\":\"10\",\"total_quantity\":\"10\",\"used_status\":1,\"fk_login_id\":\"1\",\"fk_inventory_entry_type\":\"1\"}', '::1', 'Mozilla/5.0 (Windows NT 10.0; Win64; x64) AppleWebKit/537.36 (KHTML, like Gecko) Chrome/136.0.0.0 Safari/537.36', '2025-05-23 10:10:26'),
(49, 1, 'Insert Product', 'tbl_product_master', '{\"product_name\":\"Maltiflora 250g\",\"product_sku_code\":\"9\",\"fk_stock_availability_id\":\"1\",\"barcode\":null,\"description\":\"Description\",\"fk_product_types_id\":\"1\"}', '::1', 'Mozilla/5.0 (Windows NT 10.0; Win64; x64) AppleWebKit/537.36 (KHTML, like Gecko) Chrome/136.0.0.0 Safari/537.36', '2025-05-23 10:10:27'),
(50, 1, 'Insert Product Batch', 'tbl_product_batches', '{\"fk_product_id\":11,\"batch_no\":\"1210\",\"quantity\":\"32\",\"manufactured_date\":\"2024\\/10\\/20\",\"expiry_date\":\"2027\\/10\\/19\",\"purchase_date\":\"2025-01-01\"}', '::1', 'Mozilla/5.0 (Windows NT 10.0; Win64; x64) AppleWebKit/537.36 (KHTML, like Gecko) Chrome/136.0.0.0 Safari/537.36', '2025-05-23 10:10:27'),
(51, 1, 'Insert Product Price', 'tbl_product_price', '{\"fk_product_id\":11,\"fk_batch_id\":11,\"purchase_price\":\"115.5\",\"MRP\":\"700\",\"selling_price\":null}', '::1', 'Mozilla/5.0 (Windows NT 10.0; Win64; x64) AppleWebKit/537.36 (KHTML, like Gecko) Chrome/136.0.0.0 Safari/537.36', '2025-05-23 10:10:27'),
(52, 1, 'Insert Product Inventory', 'tbl_product_inventory', '{\"fk_product_id\":11,\"fk_batch_id\":11,\"fk_sourcing_partner_id\":\"1\",\"add_quantity\":\"32\",\"total_quantity\":\"32\",\"used_status\":1,\"fk_login_id\":\"1\",\"fk_inventory_entry_type\":\"1\"}', '::1', 'Mozilla/5.0 (Windows NT 10.0; Win64; x64) AppleWebKit/537.36 (KHTML, like Gecko) Chrome/136.0.0.0 Safari/537.36', '2025-05-23 10:10:27'),
(53, 1, 'Insert Product', 'tbl_product_master', '{\"product_name\":\"Maltiflora 500g\",\"product_sku_code\":\"10\",\"fk_stock_availability_id\":\"1\",\"barcode\":null,\"description\":\"Description\",\"fk_product_types_id\":\"1\"}', '::1', 'Mozilla/5.0 (Windows NT 10.0; Win64; x64) AppleWebKit/537.36 (KHTML, like Gecko) Chrome/136.0.0.0 Safari/537.36', '2025-05-23 10:10:28'),
(54, 1, 'Insert Product Batch', 'tbl_product_batches', '{\"fk_product_id\":12,\"batch_no\":\"1210\",\"quantity\":\"5\",\"manufactured_date\":\"2024\\/10\\/20\",\"expiry_date\":\"2027\\/10\\/19\",\"purchase_date\":\"2025-01-01\"}', '::1', 'Mozilla/5.0 (Windows NT 10.0; Win64; x64) AppleWebKit/537.36 (KHTML, like Gecko) Chrome/136.0.0.0 Safari/537.36', '2025-05-23 10:10:28'),
(55, 1, 'Insert Product Price', 'tbl_product_price', '{\"fk_product_id\":12,\"fk_batch_id\":12,\"purchase_price\":\"115.5\",\"MRP\":\"1050\",\"selling_price\":null}', '::1', 'Mozilla/5.0 (Windows NT 10.0; Win64; x64) AppleWebKit/537.36 (KHTML, like Gecko) Chrome/136.0.0.0 Safari/537.36', '2025-05-23 10:10:28'),
(56, 1, 'Insert Product Inventory', 'tbl_product_inventory', '{\"fk_product_id\":12,\"fk_batch_id\":12,\"fk_sourcing_partner_id\":\"1\",\"add_quantity\":\"5\",\"total_quantity\":\"5\",\"used_status\":1,\"fk_login_id\":\"1\",\"fk_inventory_entry_type\":\"1\"}', '::1', 'Mozilla/5.0 (Windows NT 10.0; Win64; x64) AppleWebKit/537.36 (KHTML, like Gecko) Chrome/136.0.0.0 Safari/537.36', '2025-05-23 10:10:28'),
(57, 1, 'Insert Product', 'tbl_product_master', '{\"product_name\":\"Maltiflora 400g\",\"product_sku_code\":\"35\",\"fk_stock_availability_id\":\"1\",\"barcode\":null,\"description\":\"Description\",\"fk_product_types_id\":\"1\"}', '::1', 'Mozilla/5.0 (Windows NT 10.0; Win64; x64) AppleWebKit/537.36 (KHTML, like Gecko) Chrome/136.0.0.0 Safari/537.36', '2025-05-23 10:10:28'),
(58, 1, 'Insert Product Batch', 'tbl_product_batches', '{\"fk_product_id\":13,\"batch_no\":\"1210\",\"quantity\":\"10\",\"manufactured_date\":\"2024\\/10\\/20\",\"expiry_date\":\"2027\\/10\\/19\",\"purchase_date\":\"2025-01-01\"}', '::1', 'Mozilla/5.0 (Windows NT 10.0; Win64; x64) AppleWebKit/537.36 (KHTML, like Gecko) Chrome/136.0.0.0 Safari/537.36', '2025-05-23 10:10:28'),
(59, 1, 'Insert Product Price', 'tbl_product_price', '{\"fk_product_id\":13,\"fk_batch_id\":13,\"purchase_price\":\"115.5\",\"MRP\":\"900\",\"selling_price\":null}', '::1', 'Mozilla/5.0 (Windows NT 10.0; Win64; x64) AppleWebKit/537.36 (KHTML, like Gecko) Chrome/136.0.0.0 Safari/537.36', '2025-05-23 10:10:28'),
(60, 1, 'Insert Product Inventory', 'tbl_product_inventory', '{\"fk_product_id\":13,\"fk_batch_id\":13,\"fk_sourcing_partner_id\":\"1\",\"add_quantity\":\"10\",\"total_quantity\":\"10\",\"used_status\":1,\"fk_login_id\":\"1\",\"fk_inventory_entry_type\":\"1\"}', '::1', 'Mozilla/5.0 (Windows NT 10.0; Win64; x64) AppleWebKit/537.36 (KHTML, like Gecko) Chrome/136.0.0.0 Safari/537.36', '2025-05-23 10:10:28'),
(61, 1, 'Insert Product', 'tbl_product_master', '{\"product_name\":\"Maltiflora 125g\",\"product_sku_code\":\"36\",\"fk_stock_availability_id\":\"1\",\"barcode\":null,\"description\":\"Description\",\"fk_product_types_id\":\"1\"}', '::1', 'Mozilla/5.0 (Windows NT 10.0; Win64; x64) AppleWebKit/537.36 (KHTML, like Gecko) Chrome/136.0.0.0 Safari/537.36', '2025-05-23 10:10:29'),
(62, 1, 'Insert Product Batch', 'tbl_product_batches', '{\"fk_product_id\":14,\"batch_no\":\"1210\",\"quantity\":\"9\",\"manufactured_date\":\"2024\\/10\\/20\",\"expiry_date\":\"2027\\/10\\/19\",\"purchase_date\":\"2025-01-01\"}', '::1', 'Mozilla/5.0 (Windows NT 10.0; Win64; x64) AppleWebKit/537.36 (KHTML, like Gecko) Chrome/136.0.0.0 Safari/537.36', '2025-05-23 10:10:29'),
(63, 1, 'Insert Product Price', 'tbl_product_price', '{\"fk_product_id\":14,\"fk_batch_id\":14,\"purchase_price\":\"115.5\",\"MRP\":\"400\",\"selling_price\":null}', '::1', 'Mozilla/5.0 (Windows NT 10.0; Win64; x64) AppleWebKit/537.36 (KHTML, like Gecko) Chrome/136.0.0.0 Safari/537.36', '2025-05-23 10:10:29'),
(64, 1, 'Insert Product Inventory', 'tbl_product_inventory', '{\"fk_product_id\":14,\"fk_batch_id\":14,\"fk_sourcing_partner_id\":\"1\",\"add_quantity\":\"9\",\"total_quantity\":\"9\",\"used_status\":1,\"fk_login_id\":\"1\",\"fk_inventory_entry_type\":\"1\"}', '::1', 'Mozilla/5.0 (Windows NT 10.0; Win64; x64) AppleWebKit/537.36 (KHTML, like Gecko) Chrome/136.0.0.0 Safari/537.36', '2025-05-23 10:10:29'),
(65, 1, 'Insert Product', 'tbl_product_master', '{\"product_name\":\"Himalayan 250g\",\"product_sku_code\":\"11\",\"fk_stock_availability_id\":\"1\",\"barcode\":null,\"description\":\"Description\",\"fk_product_types_id\":\"1\"}', '::1', 'Mozilla/5.0 (Windows NT 10.0; Win64; x64) AppleWebKit/537.36 (KHTML, like Gecko) Chrome/136.0.0.0 Safari/537.36', '2025-05-23 10:10:29'),
(66, 1, 'Insert Product Batch', 'tbl_product_batches', '{\"fk_product_id\":15,\"batch_no\":\"1210\",\"quantity\":\"2\",\"manufactured_date\":\"2024\\/10\\/20\",\"expiry_date\":\"2027\\/10\\/19\",\"purchase_date\":\"2025-01-01\"}', '::1', 'Mozilla/5.0 (Windows NT 10.0; Win64; x64) AppleWebKit/537.36 (KHTML, like Gecko) Chrome/136.0.0.0 Safari/537.36', '2025-05-23 10:10:29'),
(67, 1, 'Insert Product Price', 'tbl_product_price', '{\"fk_product_id\":15,\"fk_batch_id\":15,\"purchase_price\":\"115.5\",\"MRP\":\"700\",\"selling_price\":null}', '::1', 'Mozilla/5.0 (Windows NT 10.0; Win64; x64) AppleWebKit/537.36 (KHTML, like Gecko) Chrome/136.0.0.0 Safari/537.36', '2025-05-23 10:10:29'),
(68, 1, 'Insert Product Inventory', 'tbl_product_inventory', '{\"fk_product_id\":15,\"fk_batch_id\":15,\"fk_sourcing_partner_id\":\"1\",\"add_quantity\":\"2\",\"total_quantity\":\"2\",\"used_status\":1,\"fk_login_id\":\"1\",\"fk_inventory_entry_type\":\"1\"}', '::1', 'Mozilla/5.0 (Windows NT 10.0; Win64; x64) AppleWebKit/537.36 (KHTML, like Gecko) Chrome/136.0.0.0 Safari/537.36', '2025-05-23 10:10:29'),
(69, 1, 'Insert Product', 'tbl_product_master', '{\"product_name\":\"Himalayan 500g\",\"product_sku_code\":\"12\",\"fk_stock_availability_id\":\"1\",\"barcode\":null,\"description\":\"Description\",\"fk_product_types_id\":\"1\"}', '::1', 'Mozilla/5.0 (Windows NT 10.0; Win64; x64) AppleWebKit/537.36 (KHTML, like Gecko) Chrome/136.0.0.0 Safari/537.36', '2025-05-23 10:10:29'),
(70, 1, 'Insert Product Batch', 'tbl_product_batches', '{\"fk_product_id\":16,\"batch_no\":\"1210\",\"quantity\":\"1\",\"manufactured_date\":\"2024\\/10\\/20\",\"expiry_date\":\"2027\\/10\\/19\",\"purchase_date\":\"2025-01-01\"}', '::1', 'Mozilla/5.0 (Windows NT 10.0; Win64; x64) AppleWebKit/537.36 (KHTML, like Gecko) Chrome/136.0.0.0 Safari/537.36', '2025-05-23 10:10:29'),
(71, 1, 'Insert Product Price', 'tbl_product_price', '{\"fk_product_id\":16,\"fk_batch_id\":16,\"purchase_price\":\"115.5\",\"MRP\":\"1050\",\"selling_price\":null}', '::1', 'Mozilla/5.0 (Windows NT 10.0; Win64; x64) AppleWebKit/537.36 (KHTML, like Gecko) Chrome/136.0.0.0 Safari/537.36', '2025-05-23 10:10:30'),
(72, 1, 'Insert Product Inventory', 'tbl_product_inventory', '{\"fk_product_id\":16,\"fk_batch_id\":16,\"fk_sourcing_partner_id\":\"1\",\"add_quantity\":\"1\",\"total_quantity\":\"1\",\"used_status\":1,\"fk_login_id\":\"1\",\"fk_inventory_entry_type\":\"1\"}', '::1', 'Mozilla/5.0 (Windows NT 10.0; Win64; x64) AppleWebKit/537.36 (KHTML, like Gecko) Chrome/136.0.0.0 Safari/537.36', '2025-05-23 10:10:30'),
(73, 1, 'Insert Product', 'tbl_product_master', '{\"product_name\":\"Raw Organic 250g\",\"product_sku_code\":\"3\",\"fk_stock_availability_id\":\"1\",\"barcode\":null,\"description\":\"Description\",\"fk_product_types_id\":\"1\"}', '::1', 'Mozilla/5.0 (Windows NT 10.0; Win64; x64) AppleWebKit/537.36 (KHTML, like Gecko) Chrome/136.0.0.0 Safari/537.36', '2025-05-23 10:10:30'),
(74, 1, 'Insert Product Batch', 'tbl_product_batches', '{\"fk_product_id\":17,\"batch_no\":\"1210\",\"quantity\":\"11\",\"manufactured_date\":\"2024\\/10\\/20\",\"expiry_date\":\"2027\\/10\\/19\",\"purchase_date\":\"2025-01-01\"}', '::1', 'Mozilla/5.0 (Windows NT 10.0; Win64; x64) AppleWebKit/537.36 (KHTML, like Gecko) Chrome/136.0.0.0 Safari/537.36', '2025-05-23 10:10:30'),
(75, 1, 'Insert Product Price', 'tbl_product_price', '{\"fk_product_id\":17,\"fk_batch_id\":17,\"purchase_price\":\"115.5\",\"MRP\":\"700\",\"selling_price\":null}', '::1', 'Mozilla/5.0 (Windows NT 10.0; Win64; x64) AppleWebKit/537.36 (KHTML, like Gecko) Chrome/136.0.0.0 Safari/537.36', '2025-05-23 10:10:30'),
(76, 1, 'Insert Product Inventory', 'tbl_product_inventory', '{\"fk_product_id\":17,\"fk_batch_id\":17,\"fk_sourcing_partner_id\":\"1\",\"add_quantity\":\"11\",\"total_quantity\":\"11\",\"used_status\":1,\"fk_login_id\":\"1\",\"fk_inventory_entry_type\":\"1\"}', '::1', 'Mozilla/5.0 (Windows NT 10.0; Win64; x64) AppleWebKit/537.36 (KHTML, like Gecko) Chrome/136.0.0.0 Safari/537.36', '2025-05-23 10:10:30'),
(77, 1, 'Insert Product', 'tbl_product_master', '{\"product_name\":\"Raw Organic 500g\",\"product_sku_code\":\"4\",\"fk_stock_availability_id\":\"1\",\"barcode\":null,\"description\":\"Description\",\"fk_product_types_id\":\"1\"}', '::1', 'Mozilla/5.0 (Windows NT 10.0; Win64; x64) AppleWebKit/537.36 (KHTML, like Gecko) Chrome/136.0.0.0 Safari/537.36', '2025-05-23 10:10:30'),
(78, 1, 'Insert Product Batch', 'tbl_product_batches', '{\"fk_product_id\":18,\"batch_no\":\"1210\",\"quantity\":\"0\",\"manufactured_date\":\"2024\\/10\\/20\",\"expiry_date\":\"2027\\/10\\/19\",\"purchase_date\":\"2025-01-01\"}', '::1', 'Mozilla/5.0 (Windows NT 10.0; Win64; x64) AppleWebKit/537.36 (KHTML, like Gecko) Chrome/136.0.0.0 Safari/537.36', '2025-05-23 10:10:30'),
(79, 1, 'Insert Product Price', 'tbl_product_price', '{\"fk_product_id\":18,\"fk_batch_id\":18,\"purchase_price\":\"115.5\",\"MRP\":\"1050\",\"selling_price\":null}', '::1', 'Mozilla/5.0 (Windows NT 10.0; Win64; x64) AppleWebKit/537.36 (KHTML, like Gecko) Chrome/136.0.0.0 Safari/537.36', '2025-05-23 10:10:30'),
(80, 1, 'Insert Product Inventory', 'tbl_product_inventory', '{\"fk_product_id\":18,\"fk_batch_id\":18,\"fk_sourcing_partner_id\":\"1\",\"add_quantity\":\"0\",\"total_quantity\":\"0\",\"used_status\":1,\"fk_login_id\":\"1\",\"fk_inventory_entry_type\":\"1\"}', '::1', 'Mozilla/5.0 (Windows NT 10.0; Win64; x64) AppleWebKit/537.36 (KHTML, like Gecko) Chrome/136.0.0.0 Safari/537.36', '2025-05-23 10:10:31'),
(81, 1, 'Insert Product', 'tbl_product_master', '{\"product_name\":\"Jamun 250g\",\"product_sku_code\":\"19\",\"fk_stock_availability_id\":\"1\",\"barcode\":null,\"description\":\"Description\",\"fk_product_types_id\":\"1\"}', '::1', 'Mozilla/5.0 (Windows NT 10.0; Win64; x64) AppleWebKit/537.36 (KHTML, like Gecko) Chrome/136.0.0.0 Safari/537.36', '2025-05-23 10:10:31'),
(82, 1, 'Insert Product Batch', 'tbl_product_batches', '{\"fk_product_id\":19,\"batch_no\":\"1210\",\"quantity\":\"8\",\"manufactured_date\":\"2024\\/10\\/20\",\"expiry_date\":\"2027\\/10\\/19\",\"purchase_date\":\"2025-01-01\"}', '::1', 'Mozilla/5.0 (Windows NT 10.0; Win64; x64) AppleWebKit/537.36 (KHTML, like Gecko) Chrome/136.0.0.0 Safari/537.36', '2025-05-23 10:10:31'),
(83, 1, 'Insert Product Price', 'tbl_product_price', '{\"fk_product_id\":19,\"fk_batch_id\":19,\"purchase_price\":\"115.5\",\"MRP\":\"700\",\"selling_price\":null}', '::1', 'Mozilla/5.0 (Windows NT 10.0; Win64; x64) AppleWebKit/537.36 (KHTML, like Gecko) Chrome/136.0.0.0 Safari/537.36', '2025-05-23 10:10:31'),
(84, 1, 'Insert Product Inventory', 'tbl_product_inventory', '{\"fk_product_id\":19,\"fk_batch_id\":19,\"fk_sourcing_partner_id\":\"1\",\"add_quantity\":\"8\",\"total_quantity\":\"8\",\"used_status\":1,\"fk_login_id\":\"1\",\"fk_inventory_entry_type\":\"1\"}', '::1', 'Mozilla/5.0 (Windows NT 10.0; Win64; x64) AppleWebKit/537.36 (KHTML, like Gecko) Chrome/136.0.0.0 Safari/537.36', '2025-05-23 10:10:31'),
(85, 1, 'Insert Product', 'tbl_product_master', '{\"product_name\":\"Jamun 500g\",\"product_sku_code\":\"20\",\"fk_stock_availability_id\":\"1\",\"barcode\":null,\"description\":\"Description\",\"fk_product_types_id\":\"1\"}', '::1', 'Mozilla/5.0 (Windows NT 10.0; Win64; x64) AppleWebKit/537.36 (KHTML, like Gecko) Chrome/136.0.0.0 Safari/537.36', '2025-05-23 10:10:31'),
(86, 1, 'Insert Product Batch', 'tbl_product_batches', '{\"fk_product_id\":20,\"batch_no\":\"1210\",\"quantity\":\"5\",\"manufactured_date\":\"2024\\/10\\/20\",\"expiry_date\":\"2027\\/10\\/19\",\"purchase_date\":\"2025-01-01\"}', '::1', 'Mozilla/5.0 (Windows NT 10.0; Win64; x64) AppleWebKit/537.36 (KHTML, like Gecko) Chrome/136.0.0.0 Safari/537.36', '2025-05-23 10:10:31'),
(87, 1, 'Insert Product Price', 'tbl_product_price', '{\"fk_product_id\":20,\"fk_batch_id\":20,\"purchase_price\":\"115.5\",\"MRP\":\"1050\",\"selling_price\":null}', '::1', 'Mozilla/5.0 (Windows NT 10.0; Win64; x64) AppleWebKit/537.36 (KHTML, like Gecko) Chrome/136.0.0.0 Safari/537.36', '2025-05-23 10:10:31'),
(88, 1, 'Insert Product Inventory', 'tbl_product_inventory', '{\"fk_product_id\":20,\"fk_batch_id\":20,\"fk_sourcing_partner_id\":\"1\",\"add_quantity\":\"5\",\"total_quantity\":\"5\",\"used_status\":1,\"fk_login_id\":\"1\",\"fk_inventory_entry_type\":\"1\"}', '::1', 'Mozilla/5.0 (Windows NT 10.0; Win64; x64) AppleWebKit/537.36 (KHTML, like Gecko) Chrome/136.0.0.0 Safari/537.36', '2025-05-23 10:10:31'),
(89, 1, 'Insert Product', 'tbl_product_master', '{\"product_name\":\"Litchi 250g\",\"product_sku_code\":\"29\",\"fk_stock_availability_id\":\"1\",\"barcode\":null,\"description\":\"Description\",\"fk_product_types_id\":\"1\"}', '::1', 'Mozilla/5.0 (Windows NT 10.0; Win64; x64) AppleWebKit/537.36 (KHTML, like Gecko) Chrome/136.0.0.0 Safari/537.36', '2025-05-23 10:10:32'),
(90, 1, 'Insert Product Batch', 'tbl_product_batches', '{\"fk_product_id\":21,\"batch_no\":\"1210\",\"quantity\":\"8\",\"manufactured_date\":\"2024\\/10\\/20\",\"expiry_date\":\"2027\\/10\\/19\",\"purchase_date\":\"2025-01-01\"}', '::1', 'Mozilla/5.0 (Windows NT 10.0; Win64; x64) AppleWebKit/537.36 (KHTML, like Gecko) Chrome/136.0.0.0 Safari/537.36', '2025-05-23 10:10:32'),
(91, 1, 'Insert Product Price', 'tbl_product_price', '{\"fk_product_id\":21,\"fk_batch_id\":21,\"purchase_price\":\"115.5\",\"MRP\":\"700\",\"selling_price\":null}', '::1', 'Mozilla/5.0 (Windows NT 10.0; Win64; x64) AppleWebKit/537.36 (KHTML, like Gecko) Chrome/136.0.0.0 Safari/537.36', '2025-05-23 10:10:32'),
(92, 1, 'Insert Product Inventory', 'tbl_product_inventory', '{\"fk_product_id\":21,\"fk_batch_id\":21,\"fk_sourcing_partner_id\":\"1\",\"add_quantity\":\"8\",\"total_quantity\":\"8\",\"used_status\":1,\"fk_login_id\":\"1\",\"fk_inventory_entry_type\":\"1\"}', '::1', 'Mozilla/5.0 (Windows NT 10.0; Win64; x64) AppleWebKit/537.36 (KHTML, like Gecko) Chrome/136.0.0.0 Safari/537.36', '2025-05-23 10:10:32'),
(93, 1, 'Insert Product', 'tbl_product_master', '{\"product_name\":\"Litchi 500g\",\"product_sku_code\":\"30\",\"fk_stock_availability_id\":\"1\",\"barcode\":null,\"description\":\"Description\",\"fk_product_types_id\":\"1\"}', '::1', 'Mozilla/5.0 (Windows NT 10.0; Win64; x64) AppleWebKit/537.36 (KHTML, like Gecko) Chrome/136.0.0.0 Safari/537.36', '2025-05-23 10:10:32'),
(94, 1, 'Insert Product Batch', 'tbl_product_batches', '{\"fk_product_id\":22,\"batch_no\":\"1210\",\"quantity\":\"5\",\"manufactured_date\":\"2024\\/10\\/20\",\"expiry_date\":\"2027\\/10\\/19\",\"purchase_date\":\"2025-01-01\"}', '::1', 'Mozilla/5.0 (Windows NT 10.0; Win64; x64) AppleWebKit/537.36 (KHTML, like Gecko) Chrome/136.0.0.0 Safari/537.36', '2025-05-23 10:10:32'),
(95, 1, 'Insert Product Price', 'tbl_product_price', '{\"fk_product_id\":22,\"fk_batch_id\":22,\"purchase_price\":\"115.5\",\"MRP\":\"1050\",\"selling_price\":null}', '::1', 'Mozilla/5.0 (Windows NT 10.0; Win64; x64) AppleWebKit/537.36 (KHTML, like Gecko) Chrome/136.0.0.0 Safari/537.36', '2025-05-23 10:10:32'),
(96, 1, 'Insert Product Inventory', 'tbl_product_inventory', '{\"fk_product_id\":22,\"fk_batch_id\":22,\"fk_sourcing_partner_id\":\"1\",\"add_quantity\":\"5\",\"total_quantity\":\"5\",\"used_status\":1,\"fk_login_id\":\"1\",\"fk_inventory_entry_type\":\"1\"}', '::1', 'Mozilla/5.0 (Windows NT 10.0; Win64; x64) AppleWebKit/537.36 (KHTML, like Gecko) Chrome/136.0.0.0 Safari/537.36', '2025-05-23 10:10:32'),
(97, 1, 'Insert Product', 'tbl_product_master', '{\"product_name\":\"Natural Pure 250g\",\"product_sku_code\":\"21\",\"fk_stock_availability_id\":\"1\",\"barcode\":null,\"description\":\"Description\",\"fk_product_types_id\":\"1\"}', '::1', 'Mozilla/5.0 (Windows NT 10.0; Win64; x64) AppleWebKit/537.36 (KHTML, like Gecko) Chrome/136.0.0.0 Safari/537.36', '2025-05-23 10:10:32'),
(98, 1, 'Insert Product Batch', 'tbl_product_batches', '{\"fk_product_id\":23,\"batch_no\":\"1210\",\"quantity\":\"0\",\"manufactured_date\":\"2024\\/10\\/20\",\"expiry_date\":\"2027\\/10\\/19\",\"purchase_date\":\"2025-01-01\"}', '::1', 'Mozilla/5.0 (Windows NT 10.0; Win64; x64) AppleWebKit/537.36 (KHTML, like Gecko) Chrome/136.0.0.0 Safari/537.36', '2025-05-23 10:10:32'),
(99, 1, 'Insert Product Price', 'tbl_product_price', '{\"fk_product_id\":23,\"fk_batch_id\":23,\"purchase_price\":\"115.5\",\"MRP\":\"700\",\"selling_price\":null}', '::1', 'Mozilla/5.0 (Windows NT 10.0; Win64; x64) AppleWebKit/537.36 (KHTML, like Gecko) Chrome/136.0.0.0 Safari/537.36', '2025-05-23 10:10:32'),
(100, 1, 'Insert Product Inventory', 'tbl_product_inventory', '{\"fk_product_id\":23,\"fk_batch_id\":23,\"fk_sourcing_partner_id\":\"1\",\"add_quantity\":\"0\",\"total_quantity\":\"0\",\"used_status\":1,\"fk_login_id\":\"1\",\"fk_inventory_entry_type\":\"1\"}', '::1', 'Mozilla/5.0 (Windows NT 10.0; Win64; x64) AppleWebKit/537.36 (KHTML, like Gecko) Chrome/136.0.0.0 Safari/537.36', '2025-05-23 10:10:33'),
(101, 1, 'Insert Product', 'tbl_product_master', '{\"product_name\":\"Natural Pure 500g\",\"product_sku_code\":\"22\",\"fk_stock_availability_id\":\"1\",\"barcode\":null,\"description\":\"Description\",\"fk_product_types_id\":\"1\"}', '::1', 'Mozilla/5.0 (Windows NT 10.0; Win64; x64) AppleWebKit/537.36 (KHTML, like Gecko) Chrome/136.0.0.0 Safari/537.36', '2025-05-23 10:10:33'),
(102, 1, 'Insert Product Batch', 'tbl_product_batches', '{\"fk_product_id\":24,\"batch_no\":\"1210\",\"quantity\":\"4\",\"manufactured_date\":\"2024\\/10\\/20\",\"expiry_date\":\"2027\\/10\\/19\",\"purchase_date\":\"2025-01-01\"}', '::1', 'Mozilla/5.0 (Windows NT 10.0; Win64; x64) AppleWebKit/537.36 (KHTML, like Gecko) Chrome/136.0.0.0 Safari/537.36', '2025-05-23 10:10:33'),
(103, 1, 'Insert Product Price', 'tbl_product_price', '{\"fk_product_id\":24,\"fk_batch_id\":24,\"purchase_price\":\"115.5\",\"MRP\":\"1050\",\"selling_price\":null}', '::1', 'Mozilla/5.0 (Windows NT 10.0; Win64; x64) AppleWebKit/537.36 (KHTML, like Gecko) Chrome/136.0.0.0 Safari/537.36', '2025-05-23 10:10:34'),
(104, 1, 'Insert Product Inventory', 'tbl_product_inventory', '{\"fk_product_id\":24,\"fk_batch_id\":24,\"fk_sourcing_partner_id\":\"1\",\"add_quantity\":\"4\",\"total_quantity\":\"4\",\"used_status\":1,\"fk_login_id\":\"1\",\"fk_inventory_entry_type\":\"1\"}', '::1', 'Mozilla/5.0 (Windows NT 10.0; Win64; x64) AppleWebKit/537.36 (KHTML, like Gecko) Chrome/136.0.0.0 Safari/537.36', '2025-05-23 10:10:34'),
(105, 1, 'Insert Product', 'tbl_product_master', '{\"product_name\":\"Forest 250g\",\"product_sku_code\":\"15\",\"fk_stock_availability_id\":\"1\",\"barcode\":null,\"description\":\"Description\",\"fk_product_types_id\":\"1\"}', '::1', 'Mozilla/5.0 (Windows NT 10.0; Win64; x64) AppleWebKit/537.36 (KHTML, like Gecko) Chrome/136.0.0.0 Safari/537.36', '2025-05-23 10:10:34'),
(106, 1, 'Insert Product Batch', 'tbl_product_batches', '{\"fk_product_id\":25,\"batch_no\":\"1210\",\"quantity\":\"16\",\"manufactured_date\":\"2024\\/10\\/20\",\"expiry_date\":\"2027\\/10\\/19\",\"purchase_date\":\"2025-01-01\"}', '::1', 'Mozilla/5.0 (Windows NT 10.0; Win64; x64) AppleWebKit/537.36 (KHTML, like Gecko) Chrome/136.0.0.0 Safari/537.36', '2025-05-23 10:10:34'),
(107, 1, 'Insert Product Price', 'tbl_product_price', '{\"fk_product_id\":25,\"fk_batch_id\":25,\"purchase_price\":\"115.5\",\"MRP\":\"700\",\"selling_price\":null}', '::1', 'Mozilla/5.0 (Windows NT 10.0; Win64; x64) AppleWebKit/537.36 (KHTML, like Gecko) Chrome/136.0.0.0 Safari/537.36', '2025-05-23 10:10:34'),
(108, 1, 'Insert Product Inventory', 'tbl_product_inventory', '{\"fk_product_id\":25,\"fk_batch_id\":25,\"fk_sourcing_partner_id\":\"1\",\"add_quantity\":\"16\",\"total_quantity\":\"16\",\"used_status\":1,\"fk_login_id\":\"1\",\"fk_inventory_entry_type\":\"1\"}', '::1', 'Mozilla/5.0 (Windows NT 10.0; Win64; x64) AppleWebKit/537.36 (KHTML, like Gecko) Chrome/136.0.0.0 Safari/537.36', '2025-05-23 10:10:34'),
(109, 1, 'Insert Product', 'tbl_product_master', '{\"product_name\":\"Forest 500g\",\"product_sku_code\":\"16\",\"fk_stock_availability_id\":\"1\",\"barcode\":null,\"description\":\"Description\",\"fk_product_types_id\":\"1\"}', '::1', 'Mozilla/5.0 (Windows NT 10.0; Win64; x64) AppleWebKit/537.36 (KHTML, like Gecko) Chrome/136.0.0.0 Safari/537.36', '2025-05-23 10:10:34'),
(110, 1, 'Insert Product Batch', 'tbl_product_batches', '{\"fk_product_id\":26,\"batch_no\":\"1210\",\"quantity\":\"13\",\"manufactured_date\":\"2024\\/10\\/20\",\"expiry_date\":\"2027\\/10\\/19\",\"purchase_date\":\"2025-01-01\"}', '::1', 'Mozilla/5.0 (Windows NT 10.0; Win64; x64) AppleWebKit/537.36 (KHTML, like Gecko) Chrome/136.0.0.0 Safari/537.36', '2025-05-23 10:10:34'),
(111, 1, 'Insert Product Price', 'tbl_product_price', '{\"fk_product_id\":26,\"fk_batch_id\":26,\"purchase_price\":\"115.5\",\"MRP\":\"1050\",\"selling_price\":null}', '::1', 'Mozilla/5.0 (Windows NT 10.0; Win64; x64) AppleWebKit/537.36 (KHTML, like Gecko) Chrome/136.0.0.0 Safari/537.36', '2025-05-23 10:10:34'),
(112, 1, 'Insert Product Inventory', 'tbl_product_inventory', '{\"fk_product_id\":26,\"fk_batch_id\":26,\"fk_sourcing_partner_id\":\"1\",\"add_quantity\":\"13\",\"total_quantity\":\"13\",\"used_status\":1,\"fk_login_id\":\"1\",\"fk_inventory_entry_type\":\"1\"}', '::1', 'Mozilla/5.0 (Windows NT 10.0; Win64; x64) AppleWebKit/537.36 (KHTML, like Gecko) Chrome/136.0.0.0 Safari/537.36', '2025-05-23 10:10:34'),
(113, 1, 'Insert Product', 'tbl_product_master', '{\"product_name\":\"Forest 400g\",\"product_sku_code\":\"37\",\"fk_stock_availability_id\":\"1\",\"barcode\":null,\"description\":\"Description\",\"fk_product_types_id\":\"1\"}', '::1', 'Mozilla/5.0 (Windows NT 10.0; Win64; x64) AppleWebKit/537.36 (KHTML, like Gecko) Chrome/136.0.0.0 Safari/537.36', '2025-05-23 10:10:34'),
(114, 1, 'Insert Product Batch', 'tbl_product_batches', '{\"fk_product_id\":27,\"batch_no\":\"1210\",\"quantity\":\"14\",\"manufactured_date\":\"2024\\/10\\/20\",\"expiry_date\":\"2027\\/10\\/19\",\"purchase_date\":\"2025-01-01\"}', '::1', 'Mozilla/5.0 (Windows NT 10.0; Win64; x64) AppleWebKit/537.36 (KHTML, like Gecko) Chrome/136.0.0.0 Safari/537.36', '2025-05-23 10:10:35'),
(115, 1, 'Insert Product Price', 'tbl_product_price', '{\"fk_product_id\":27,\"fk_batch_id\":27,\"purchase_price\":\"115.5\",\"MRP\":\"900\",\"selling_price\":null}', '::1', 'Mozilla/5.0 (Windows NT 10.0; Win64; x64) AppleWebKit/537.36 (KHTML, like Gecko) Chrome/136.0.0.0 Safari/537.36', '2025-05-23 10:10:35'),
(116, 1, 'Insert Product Inventory', 'tbl_product_inventory', '{\"fk_product_id\":27,\"fk_batch_id\":27,\"fk_sourcing_partner_id\":\"1\",\"add_quantity\":\"14\",\"total_quantity\":\"14\",\"used_status\":1,\"fk_login_id\":\"1\",\"fk_inventory_entry_type\":\"1\"}', '::1', 'Mozilla/5.0 (Windows NT 10.0; Win64; x64) AppleWebKit/537.36 (KHTML, like Gecko) Chrome/136.0.0.0 Safari/537.36', '2025-05-23 10:10:35'),
(117, 1, 'Insert Product', 'tbl_product_master', '{\"product_name\":\"Forest 125g\",\"product_sku_code\":\"38\",\"fk_stock_availability_id\":\"1\",\"barcode\":null,\"description\":\"Description\",\"fk_product_types_id\":\"1\"}', '::1', 'Mozilla/5.0 (Windows NT 10.0; Win64; x64) AppleWebKit/537.36 (KHTML, like Gecko) Chrome/136.0.0.0 Safari/537.36', '2025-05-23 10:10:35'),
(118, 1, 'Insert Product Batch', 'tbl_product_batches', '{\"fk_product_id\":28,\"batch_no\":\"1210\",\"quantity\":\"10\",\"manufactured_date\":\"2024\\/10\\/20\",\"expiry_date\":\"2027\\/10\\/19\",\"purchase_date\":\"2025-01-01\"}', '::1', 'Mozilla/5.0 (Windows NT 10.0; Win64; x64) AppleWebKit/537.36 (KHTML, like Gecko) Chrome/136.0.0.0 Safari/537.36', '2025-05-23 10:10:35'),
(119, 1, 'Insert Product Price', 'tbl_product_price', '{\"fk_product_id\":28,\"fk_batch_id\":28,\"purchase_price\":\"115.5\",\"MRP\":\"400\",\"selling_price\":null}', '::1', 'Mozilla/5.0 (Windows NT 10.0; Win64; x64) AppleWebKit/537.36 (KHTML, like Gecko) Chrome/136.0.0.0 Safari/537.36', '2025-05-23 10:10:35'),
(120, 1, 'Insert Product Inventory', 'tbl_product_inventory', '{\"fk_product_id\":28,\"fk_batch_id\":28,\"fk_sourcing_partner_id\":\"1\",\"add_quantity\":\"10\",\"total_quantity\":\"10\",\"used_status\":1,\"fk_login_id\":\"1\",\"fk_inventory_entry_type\":\"1\"}', '::1', 'Mozilla/5.0 (Windows NT 10.0; Win64; x64) AppleWebKit/537.36 (KHTML, like Gecko) Chrome/136.0.0.0 Safari/537.36', '2025-05-23 10:10:36'),
(121, 1, 'Insert Product', 'tbl_product_master', '{\"product_name\":\"Kashmir White 250g\",\"product_sku_code\":\"23\",\"fk_stock_availability_id\":\"1\",\"barcode\":null,\"description\":\"Description\",\"fk_product_types_id\":\"1\"}', '::1', 'Mozilla/5.0 (Windows NT 10.0; Win64; x64) AppleWebKit/537.36 (KHTML, like Gecko) Chrome/136.0.0.0 Safari/537.36', '2025-05-23 10:10:36'),
(122, 1, 'Insert Product Batch', 'tbl_product_batches', '{\"fk_product_id\":29,\"batch_no\":\"1210\",\"quantity\":\"10\",\"manufactured_date\":\"2024\\/10\\/20\",\"expiry_date\":\"2027\\/10\\/19\",\"purchase_date\":\"2025-01-01\"}', '::1', 'Mozilla/5.0 (Windows NT 10.0; Win64; x64) AppleWebKit/537.36 (KHTML, like Gecko) Chrome/136.0.0.0 Safari/537.36', '2025-05-23 10:10:36'),
(123, 1, 'Insert Product Price', 'tbl_product_price', '{\"fk_product_id\":29,\"fk_batch_id\":29,\"purchase_price\":\"170\",\"MRP\":\"1000\",\"selling_price\":null}', '::1', 'Mozilla/5.0 (Windows NT 10.0; Win64; x64) AppleWebKit/537.36 (KHTML, like Gecko) Chrome/136.0.0.0 Safari/537.36', '2025-05-23 10:10:36'),
(124, 1, 'Insert Product Inventory', 'tbl_product_inventory', '{\"fk_product_id\":29,\"fk_batch_id\":29,\"fk_sourcing_partner_id\":\"1\",\"add_quantity\":\"10\",\"total_quantity\":\"10\",\"used_status\":1,\"fk_login_id\":\"1\",\"fk_inventory_entry_type\":\"1\"}', '::1', 'Mozilla/5.0 (Windows NT 10.0; Win64; x64) AppleWebKit/537.36 (KHTML, like Gecko) Chrome/136.0.0.0 Safari/537.36', '2025-05-23 10:10:36'),
(125, 1, 'Insert Product', 'tbl_product_master', '{\"product_name\":\"Kashmir White 500g\",\"product_sku_code\":\"24\",\"fk_stock_availability_id\":\"1\",\"barcode\":null,\"description\":\"Description\",\"fk_product_types_id\":\"1\"}', '::1', 'Mozilla/5.0 (Windows NT 10.0; Win64; x64) AppleWebKit/537.36 (KHTML, like Gecko) Chrome/136.0.0.0 Safari/537.36', '2025-05-23 10:10:36'),
(126, 1, 'Insert Product Batch', 'tbl_product_batches', '{\"fk_product_id\":30,\"batch_no\":\"1210\",\"quantity\":\"4\",\"manufactured_date\":\"2024\\/10\\/20\",\"expiry_date\":\"2027\\/10\\/19\",\"purchase_date\":\"2025-01-01\"}', '::1', 'Mozilla/5.0 (Windows NT 10.0; Win64; x64) AppleWebKit/537.36 (KHTML, like Gecko) Chrome/136.0.0.0 Safari/537.36', '2025-05-23 10:10:36'),
(127, 1, 'Insert Product Price', 'tbl_product_price', '{\"fk_product_id\":30,\"fk_batch_id\":30,\"purchase_price\":\"250\",\"MRP\":\"1500\",\"selling_price\":null}', '::1', 'Mozilla/5.0 (Windows NT 10.0; Win64; x64) AppleWebKit/537.36 (KHTML, like Gecko) Chrome/136.0.0.0 Safari/537.36', '2025-05-23 10:10:37'),
(128, 1, 'Insert Product Inventory', 'tbl_product_inventory', '{\"fk_product_id\":30,\"fk_batch_id\":30,\"fk_sourcing_partner_id\":\"1\",\"add_quantity\":\"4\",\"total_quantity\":\"4\",\"used_status\":1,\"fk_login_id\":\"1\",\"fk_inventory_entry_type\":\"1\"}', '::1', 'Mozilla/5.0 (Windows NT 10.0; Win64; x64) AppleWebKit/537.36 (KHTML, like Gecko) Chrome/136.0.0.0 Safari/537.36', '2025-05-23 10:10:37'),
(129, 1, 'Insert Product', 'tbl_product_master', '{\"product_name\":\"Rose Wood 250g\",\"product_sku_code\":\"27\",\"fk_stock_availability_id\":\"1\",\"barcode\":null,\"description\":\"Description\",\"fk_product_types_id\":\"1\"}', '::1', 'Mozilla/5.0 (Windows NT 10.0; Win64; x64) AppleWebKit/537.36 (KHTML, like Gecko) Chrome/136.0.0.0 Safari/537.36', '2025-05-23 10:10:37'),
(130, 1, 'Insert Product Batch', 'tbl_product_batches', '{\"fk_product_id\":31,\"batch_no\":\"1210\",\"quantity\":\"12\",\"manufactured_date\":\"2024\\/10\\/20\",\"expiry_date\":\"2027\\/10\\/19\",\"purchase_date\":\"2025-01-01\"}', '::1', 'Mozilla/5.0 (Windows NT 10.0; Win64; x64) AppleWebKit/537.36 (KHTML, like Gecko) Chrome/136.0.0.0 Safari/537.36', '2025-05-23 10:10:37'),
(131, 1, 'Insert Product Price', 'tbl_product_price', '{\"fk_product_id\":31,\"fk_batch_id\":31,\"purchase_price\":\"115.5\",\"MRP\":\"700\",\"selling_price\":null}', '::1', 'Mozilla/5.0 (Windows NT 10.0; Win64; x64) AppleWebKit/537.36 (KHTML, like Gecko) Chrome/136.0.0.0 Safari/537.36', '2025-05-23 10:10:37'),
(132, 1, 'Insert Product Inventory', 'tbl_product_inventory', '{\"fk_product_id\":31,\"fk_batch_id\":31,\"fk_sourcing_partner_id\":\"1\",\"add_quantity\":\"12\",\"total_quantity\":\"12\",\"used_status\":1,\"fk_login_id\":\"1\",\"fk_inventory_entry_type\":\"1\"}', '::1', 'Mozilla/5.0 (Windows NT 10.0; Win64; x64) AppleWebKit/537.36 (KHTML, like Gecko) Chrome/136.0.0.0 Safari/537.36', '2025-05-23 10:10:37'),
(133, 1, 'Insert Product', 'tbl_product_master', '{\"product_name\":\"Rose Wood 500g\",\"product_sku_code\":\"28\",\"fk_stock_availability_id\":\"1\",\"barcode\":null,\"description\":\"Description\",\"fk_product_types_id\":\"1\"}', '::1', 'Mozilla/5.0 (Windows NT 10.0; Win64; x64) AppleWebKit/537.36 (KHTML, like Gecko) Chrome/136.0.0.0 Safari/537.36', '2025-05-23 10:10:37'),
(134, 1, 'Insert Product Batch', 'tbl_product_batches', '{\"fk_product_id\":32,\"batch_no\":\"1210\",\"quantity\":\"5\",\"manufactured_date\":\"2024\\/10\\/20\",\"expiry_date\":\"2027\\/10\\/19\",\"purchase_date\":\"2025-01-01\"}', '::1', 'Mozilla/5.0 (Windows NT 10.0; Win64; x64) AppleWebKit/537.36 (KHTML, like Gecko) Chrome/136.0.0.0 Safari/537.36', '2025-05-23 10:10:37'),
(135, 1, 'Insert Product Price', 'tbl_product_price', '{\"fk_product_id\":32,\"fk_batch_id\":32,\"purchase_price\":\"115.5\",\"MRP\":\"1250\",\"selling_price\":null}', '::1', 'Mozilla/5.0 (Windows NT 10.0; Win64; x64) AppleWebKit/537.36 (KHTML, like Gecko) Chrome/136.0.0.0 Safari/537.36', '2025-05-23 10:10:37'),
(136, 1, 'Insert Product Inventory', 'tbl_product_inventory', '{\"fk_product_id\":32,\"fk_batch_id\":32,\"fk_sourcing_partner_id\":\"1\",\"add_quantity\":\"5\",\"total_quantity\":\"5\",\"used_status\":1,\"fk_login_id\":\"1\",\"fk_inventory_entry_type\":\"1\"}', '::1', 'Mozilla/5.0 (Windows NT 10.0; Win64; x64) AppleWebKit/537.36 (KHTML, like Gecko) Chrome/136.0.0.0 Safari/537.36', '2025-05-23 10:10:37'),
(137, 1, 'Insert Product', 'tbl_product_master', '{\"product_name\":\"Eucalyptus 250g\",\"product_sku_code\":\"25\",\"fk_stock_availability_id\":\"1\",\"barcode\":null,\"description\":\"Description\",\"fk_product_types_id\":\"1\"}', '::1', 'Mozilla/5.0 (Windows NT 10.0; Win64; x64) AppleWebKit/537.36 (KHTML, like Gecko) Chrome/136.0.0.0 Safari/537.36', '2025-05-23 10:10:38');
INSERT INTO `tbl_user_log` (`id`, `fk_user_id`, `action`, `inserted_table`, `inserted_data`, `ip_address`, `user_agent`, `created_at`) VALUES
(138, 1, 'Insert Product Batch', 'tbl_product_batches', '{\"fk_product_id\":33,\"batch_no\":\"1210\",\"quantity\":\"8\",\"manufactured_date\":\"2024\\/10\\/20\",\"expiry_date\":\"2027\\/10\\/19\",\"purchase_date\":\"2025-01-01\"}', '::1', 'Mozilla/5.0 (Windows NT 10.0; Win64; x64) AppleWebKit/537.36 (KHTML, like Gecko) Chrome/136.0.0.0 Safari/537.36', '2025-05-23 10:10:38'),
(139, 1, 'Insert Product Price', 'tbl_product_price', '{\"fk_product_id\":33,\"fk_batch_id\":33,\"purchase_price\":\"115.5\",\"MRP\":\"700\",\"selling_price\":null}', '::1', 'Mozilla/5.0 (Windows NT 10.0; Win64; x64) AppleWebKit/537.36 (KHTML, like Gecko) Chrome/136.0.0.0 Safari/537.36', '2025-05-23 10:10:38'),
(140, 1, 'Insert Product Inventory', 'tbl_product_inventory', '{\"fk_product_id\":33,\"fk_batch_id\":33,\"fk_sourcing_partner_id\":\"1\",\"add_quantity\":\"8\",\"total_quantity\":\"8\",\"used_status\":1,\"fk_login_id\":\"1\",\"fk_inventory_entry_type\":\"1\"}', '::1', 'Mozilla/5.0 (Windows NT 10.0; Win64; x64) AppleWebKit/537.36 (KHTML, like Gecko) Chrome/136.0.0.0 Safari/537.36', '2025-05-23 10:10:38'),
(141, 1, 'Insert Product', 'tbl_product_master', '{\"product_name\":\"Eucalyptus 500g\",\"product_sku_code\":\"26\",\"fk_stock_availability_id\":\"1\",\"barcode\":null,\"description\":\"Description\",\"fk_product_types_id\":\"1\"}', '::1', 'Mozilla/5.0 (Windows NT 10.0; Win64; x64) AppleWebKit/537.36 (KHTML, like Gecko) Chrome/136.0.0.0 Safari/537.36', '2025-05-23 10:10:38'),
(142, 1, 'Insert Product Batch', 'tbl_product_batches', '{\"fk_product_id\":34,\"batch_no\":\"1210\",\"quantity\":\"5\",\"manufactured_date\":\"2024\\/10\\/20\",\"expiry_date\":\"2027\\/10\\/19\",\"purchase_date\":\"2025-01-01\"}', '::1', 'Mozilla/5.0 (Windows NT 10.0; Win64; x64) AppleWebKit/537.36 (KHTML, like Gecko) Chrome/136.0.0.0 Safari/537.36', '2025-05-23 10:10:38'),
(143, 1, 'Insert Product Price', 'tbl_product_price', '{\"fk_product_id\":34,\"fk_batch_id\":34,\"purchase_price\":\"115.5\",\"MRP\":\"1250\",\"selling_price\":null}', '::1', 'Mozilla/5.0 (Windows NT 10.0; Win64; x64) AppleWebKit/537.36 (KHTML, like Gecko) Chrome/136.0.0.0 Safari/537.36', '2025-05-23 10:10:38'),
(144, 1, 'Insert Product Inventory', 'tbl_product_inventory', '{\"fk_product_id\":34,\"fk_batch_id\":34,\"fk_sourcing_partner_id\":\"1\",\"add_quantity\":\"5\",\"total_quantity\":\"5\",\"used_status\":1,\"fk_login_id\":\"1\",\"fk_inventory_entry_type\":\"1\"}', '::1', 'Mozilla/5.0 (Windows NT 10.0; Win64; x64) AppleWebKit/537.36 (KHTML, like Gecko) Chrome/136.0.0.0 Safari/537.36', '2025-05-23 10:10:39'),
(145, 1, 'Insert Product', 'tbl_product_master', '{\"product_name\":\"SIDR 250g\",\"product_sku_code\":\"17\",\"fk_stock_availability_id\":\"1\",\"barcode\":null,\"description\":\"Description\",\"fk_product_types_id\":\"1\"}', '::1', 'Mozilla/5.0 (Windows NT 10.0; Win64; x64) AppleWebKit/537.36 (KHTML, like Gecko) Chrome/136.0.0.0 Safari/537.36', '2025-05-23 10:10:39'),
(146, 1, 'Insert Product Batch', 'tbl_product_batches', '{\"fk_product_id\":35,\"batch_no\":\"1210\",\"quantity\":\"10\",\"manufactured_date\":\"2024\\/10\\/20\",\"expiry_date\":\"2027\\/10\\/19\",\"purchase_date\":\"2025-01-01\"}', '::1', 'Mozilla/5.0 (Windows NT 10.0; Win64; x64) AppleWebKit/537.36 (KHTML, like Gecko) Chrome/136.0.0.0 Safari/537.36', '2025-05-23 10:10:39'),
(147, 1, 'Insert Product Price', 'tbl_product_price', '{\"fk_product_id\":35,\"fk_batch_id\":35,\"purchase_price\":\"115.5\",\"MRP\":\"700\",\"selling_price\":null}', '::1', 'Mozilla/5.0 (Windows NT 10.0; Win64; x64) AppleWebKit/537.36 (KHTML, like Gecko) Chrome/136.0.0.0 Safari/537.36', '2025-05-23 10:10:39'),
(148, 1, 'Insert Product Inventory', 'tbl_product_inventory', '{\"fk_product_id\":35,\"fk_batch_id\":35,\"fk_sourcing_partner_id\":\"1\",\"add_quantity\":\"10\",\"total_quantity\":\"10\",\"used_status\":1,\"fk_login_id\":\"1\",\"fk_inventory_entry_type\":\"1\"}', '::1', 'Mozilla/5.0 (Windows NT 10.0; Win64; x64) AppleWebKit/537.36 (KHTML, like Gecko) Chrome/136.0.0.0 Safari/537.36', '2025-05-23 10:10:39'),
(149, 1, 'Insert Product', 'tbl_product_master', '{\"product_name\":\"SIDR 500g\",\"product_sku_code\":\"18\",\"fk_stock_availability_id\":\"1\",\"barcode\":null,\"description\":\"Description\",\"fk_product_types_id\":\"1\"}', '::1', 'Mozilla/5.0 (Windows NT 10.0; Win64; x64) AppleWebKit/537.36 (KHTML, like Gecko) Chrome/136.0.0.0 Safari/537.36', '2025-05-23 10:10:39'),
(150, 1, 'Insert Product Batch', 'tbl_product_batches', '{\"fk_product_id\":36,\"batch_no\":\"1210\",\"quantity\":\"5\",\"manufactured_date\":\"2024\\/10\\/20\",\"expiry_date\":\"2027\\/10\\/19\",\"purchase_date\":\"2025-01-01\"}', '::1', 'Mozilla/5.0 (Windows NT 10.0; Win64; x64) AppleWebKit/537.36 (KHTML, like Gecko) Chrome/136.0.0.0 Safari/537.36', '2025-05-23 10:10:39'),
(151, 1, 'Insert Product Price', 'tbl_product_price', '{\"fk_product_id\":36,\"fk_batch_id\":36,\"purchase_price\":\"115.5\",\"MRP\":\"1250\",\"selling_price\":null}', '::1', 'Mozilla/5.0 (Windows NT 10.0; Win64; x64) AppleWebKit/537.36 (KHTML, like Gecko) Chrome/136.0.0.0 Safari/537.36', '2025-05-23 10:10:39'),
(152, 1, 'Insert Product Inventory', 'tbl_product_inventory', '{\"fk_product_id\":36,\"fk_batch_id\":36,\"fk_sourcing_partner_id\":\"1\",\"add_quantity\":\"5\",\"total_quantity\":\"5\",\"used_status\":1,\"fk_login_id\":\"1\",\"fk_inventory_entry_type\":\"1\"}', '::1', 'Mozilla/5.0 (Windows NT 10.0; Win64; x64) AppleWebKit/537.36 (KHTML, like Gecko) Chrome/136.0.0.0 Safari/537.36', '2025-05-23 10:10:39'),
(153, 1, 'Inserted Role Permission', 'tbl_permissions', '{\"can_view\":0,\"can_add\":0,\"can_edit\":0,\"can_delete\":0,\"has_access\":1,\"fk_role_id\":\"3\",\"fk_sidebar_id\":1}', '::1', 'Mozilla/5.0 (Windows NT 10.0; Win64; x64) AppleWebKit/537.36 (KHTML, like Gecko) Chrome/136.0.0.0 Safari/537.36', '2025-05-26 04:58:28'),
(154, 1, 'Inserted Role Permission', 'tbl_permissions', '{\"can_view\":1,\"can_add\":0,\"can_edit\":0,\"can_delete\":0,\"has_access\":0,\"fk_role_id\":\"3\",\"fk_sidebar_id\":7}', '::1', 'Mozilla/5.0 (Windows NT 10.0; Win64; x64) AppleWebKit/537.36 (KHTML, like Gecko) Chrome/136.0.0.0 Safari/537.36', '2025-05-26 04:58:28'),
(155, 1, 'Inserted Role Permission', 'tbl_permissions', '{\"can_view\":1,\"can_add\":0,\"can_edit\":0,\"can_delete\":0,\"has_access\":0,\"fk_role_id\":\"3\",\"fk_sidebar_id\":8}', '::1', 'Mozilla/5.0 (Windows NT 10.0; Win64; x64) AppleWebKit/537.36 (KHTML, like Gecko) Chrome/136.0.0.0 Safari/537.36', '2025-05-26 04:58:28'),
(156, 1, 'Inserted Role Permission', 'tbl_permissions', '{\"can_view\":1,\"can_add\":0,\"can_edit\":0,\"can_delete\":0,\"has_access\":0,\"fk_role_id\":\"3\",\"fk_sidebar_id\":10}', '::1', 'Mozilla/5.0 (Windows NT 10.0; Win64; x64) AppleWebKit/537.36 (KHTML, like Gecko) Chrome/136.0.0.0 Safari/537.36', '2025-05-26 04:58:28'),
(157, 2, 'Insert Product', 'tbl_product_master', '{\"product_name\":\"CHIA SEEDS\",\"product_sku_code\":\"42\",\"fk_stock_availability_id\":\"1\",\"barcode\":null,\"description\":\"CHIA SEEDS\",\"fk_product_types_id\":\"2\"}', '::1', 'Mozilla/5.0 (Windows NT 10.0; Win64; x64) AppleWebKit/537.36 (KHTML, like Gecko) Chrome/136.0.0.0 Safari/537.36', '2025-05-26 09:38:20'),
(158, 2, 'Insert Product Batch', 'tbl_product_batches', '{\"fk_product_id\":37,\"batch_no\":\"NNO-1001\",\"quantity\":\"250\",\"manufactured_date\":\"2025\\/05\\/03\",\"expiry_date\":\"2025\\/05\\/02\",\"purchase_date\":\"2025\\/05\\/19\"}', '::1', 'Mozilla/5.0 (Windows NT 10.0; Win64; x64) AppleWebKit/537.36 (KHTML, like Gecko) Chrome/136.0.0.0 Safari/537.36', '2025-05-26 09:38:20'),
(159, 2, 'Insert Product Price', 'tbl_product_price', '{\"fk_product_id\":37,\"fk_batch_id\":37,\"purchase_price\":\"240\",\"MRP\":\"299\",\"selling_price\":null}', '::1', 'Mozilla/5.0 (Windows NT 10.0; Win64; x64) AppleWebKit/537.36 (KHTML, like Gecko) Chrome/136.0.0.0 Safari/537.36', '2025-05-26 09:38:20'),
(160, 2, 'Insert Product Inventory', 'tbl_product_inventory', '{\"fk_product_id\":37,\"fk_batch_id\":37,\"fk_sourcing_partner_id\":\"2\",\"add_quantity\":\"250\",\"total_quantity\":\"250\",\"used_status\":1,\"fk_login_id\":\"2\",\"fk_inventory_entry_type\":\"1\"}', '::1', 'Mozilla/5.0 (Windows NT 10.0; Win64; x64) AppleWebKit/537.36 (KHTML, like Gecko) Chrome/136.0.0.0 Safari/537.36', '2025-05-26 09:38:20'),
(161, 2, 'Insert Product', 'tbl_product_master', '{\"product_name\":\"FLAX SEEDS\",\"product_sku_code\":\"40\",\"fk_stock_availability_id\":\"1\",\"barcode\":null,\"description\":\"FLAX SEEDS\",\"fk_product_types_id\":\"2\"}', '::1', 'Mozilla/5.0 (Windows NT 10.0; Win64; x64) AppleWebKit/537.36 (KHTML, like Gecko) Chrome/136.0.0.0 Safari/537.36', '2025-05-26 09:38:20'),
(162, 2, 'Insert Product Batch', 'tbl_product_batches', '{\"fk_product_id\":38,\"batch_no\":\"NNO-1001\",\"quantity\":\"250\",\"manufactured_date\":\"2025\\/05\\/03\",\"expiry_date\":\"2025\\/05\\/02\",\"purchase_date\":\"2025\\/05\\/19\"}', '::1', 'Mozilla/5.0 (Windows NT 10.0; Win64; x64) AppleWebKit/537.36 (KHTML, like Gecko) Chrome/136.0.0.0 Safari/537.36', '2025-05-26 09:38:20'),
(163, 2, 'Insert Product Price', 'tbl_product_price', '{\"fk_product_id\":38,\"fk_batch_id\":38,\"purchase_price\":\"165\",\"MRP\":\"199\",\"selling_price\":null}', '::1', 'Mozilla/5.0 (Windows NT 10.0; Win64; x64) AppleWebKit/537.36 (KHTML, like Gecko) Chrome/136.0.0.0 Safari/537.36', '2025-05-26 09:38:20'),
(164, 2, 'Insert Product Inventory', 'tbl_product_inventory', '{\"fk_product_id\":38,\"fk_batch_id\":38,\"fk_sourcing_partner_id\":\"2\",\"add_quantity\":\"250\",\"total_quantity\":\"250\",\"used_status\":1,\"fk_login_id\":\"2\",\"fk_inventory_entry_type\":\"1\"}', '::1', 'Mozilla/5.0 (Windows NT 10.0; Win64; x64) AppleWebKit/537.36 (KHTML, like Gecko) Chrome/136.0.0.0 Safari/537.36', '2025-05-26 09:38:20'),
(165, 2, 'Insert Product', 'tbl_product_master', '{\"product_name\":\"PUMPKIN SEEDS\",\"product_sku_code\":\"41\",\"fk_stock_availability_id\":\"1\",\"barcode\":null,\"description\":\"PUMPKIN SEEDS\",\"fk_product_types_id\":\"2\"}', '::1', 'Mozilla/5.0 (Windows NT 10.0; Win64; x64) AppleWebKit/537.36 (KHTML, like Gecko) Chrome/136.0.0.0 Safari/537.36', '2025-05-26 09:38:20'),
(166, 2, 'Insert Product Batch', 'tbl_product_batches', '{\"fk_product_id\":39,\"batch_no\":\"NNO-1001\",\"quantity\":\"250\",\"manufactured_date\":\"2025\\/05\\/03\",\"expiry_date\":\"2025\\/05\\/02\",\"purchase_date\":\"2025\\/05\\/19\"}', '::1', 'Mozilla/5.0 (Windows NT 10.0; Win64; x64) AppleWebKit/537.36 (KHTML, like Gecko) Chrome/136.0.0.0 Safari/537.36', '2025-05-26 09:38:20'),
(167, 2, 'Insert Product Price', 'tbl_product_price', '{\"fk_product_id\":39,\"fk_batch_id\":39,\"purchase_price\":\"380\",\"MRP\":\"325\",\"selling_price\":null}', '::1', 'Mozilla/5.0 (Windows NT 10.0; Win64; x64) AppleWebKit/537.36 (KHTML, like Gecko) Chrome/136.0.0.0 Safari/537.36', '2025-05-26 09:38:20'),
(168, 2, 'Insert Product Inventory', 'tbl_product_inventory', '{\"fk_product_id\":39,\"fk_batch_id\":39,\"fk_sourcing_partner_id\":\"2\",\"add_quantity\":\"250\",\"total_quantity\":\"250\",\"used_status\":1,\"fk_login_id\":\"2\",\"fk_inventory_entry_type\":\"1\"}', '::1', 'Mozilla/5.0 (Windows NT 10.0; Win64; x64) AppleWebKit/537.36 (KHTML, like Gecko) Chrome/136.0.0.0 Safari/537.36', '2025-05-26 09:38:20'),
(169, 2, 'Insert Product', 'tbl_product_master', '{\"product_name\":\"SUNFLOWER SEEDS\",\"product_sku_code\":\"39\",\"fk_stock_availability_id\":\"1\",\"barcode\":null,\"description\":\"SUNFLOWER SEEDS\",\"fk_product_types_id\":\"2\"}', '::1', 'Mozilla/5.0 (Windows NT 10.0; Win64; x64) AppleWebKit/537.36 (KHTML, like Gecko) Chrome/136.0.0.0 Safari/537.36', '2025-05-26 09:38:20'),
(170, 2, 'Insert Product Batch', 'tbl_product_batches', '{\"fk_product_id\":40,\"batch_no\":\"NNO-1001\",\"quantity\":\"250\",\"manufactured_date\":\"2025\\/05\\/03\",\"expiry_date\":\"2025\\/05\\/02\",\"purchase_date\":\"2025\\/05\\/19\"}', '::1', 'Mozilla/5.0 (Windows NT 10.0; Win64; x64) AppleWebKit/537.36 (KHTML, like Gecko) Chrome/136.0.0.0 Safari/537.36', '2025-05-26 09:38:20'),
(171, 2, 'Insert Product Price', 'tbl_product_price', '{\"fk_product_id\":40,\"fk_batch_id\":40,\"purchase_price\":\"250\",\"MRP\":\"249\",\"selling_price\":null}', '::1', 'Mozilla/5.0 (Windows NT 10.0; Win64; x64) AppleWebKit/537.36 (KHTML, like Gecko) Chrome/136.0.0.0 Safari/537.36', '2025-05-26 09:38:20'),
(172, 2, 'Insert Product Inventory', 'tbl_product_inventory', '{\"fk_product_id\":40,\"fk_batch_id\":40,\"fk_sourcing_partner_id\":\"2\",\"add_quantity\":\"250\",\"total_quantity\":\"250\",\"used_status\":1,\"fk_login_id\":\"2\",\"fk_inventory_entry_type\":\"1\"}', '::1', 'Mozilla/5.0 (Windows NT 10.0; Win64; x64) AppleWebKit/537.36 (KHTML, like Gecko) Chrome/136.0.0.0 Safari/537.36', '2025-05-26 09:38:21'),
(173, 1, 'Insert Product', 'tbl_product_master', '{\"product_name\":\"Neem 250g\",\"product_sku_code\":\"5\",\"fk_stock_availability_id\":\"1\",\"barcode\":null,\"description\":\"Description\",\"fk_product_types_id\":\"1\"}', '::1', 'Mozilla/5.0 (Windows NT 10.0; Win64; x64) AppleWebKit/537.36 (KHTML, like Gecko) Chrome/136.0.0.0 Safari/537.36', '2025-05-28 08:42:27'),
(174, 1, 'Insert Product Batch', 'tbl_product_batches', '{\"fk_product_id\":1,\"batch_no\":\"1210\",\"quantity\":\"16\",\"manufactured_date\":\"2024\\/10\\/20\",\"expiry_date\":\"2027\\/10\\/19\",\"purchase_date\":\"2025-01-01\"}', '::1', 'Mozilla/5.0 (Windows NT 10.0; Win64; x64) AppleWebKit/537.36 (KHTML, like Gecko) Chrome/136.0.0.0 Safari/537.36', '2025-05-28 08:42:27'),
(175, 1, 'Insert Product Price', 'tbl_product_price', '{\"fk_product_id\":1,\"fk_batch_id\":1,\"purchase_price\":\"115.5\",\"MRP\":\"700\",\"selling_price\":null}', '::1', 'Mozilla/5.0 (Windows NT 10.0; Win64; x64) AppleWebKit/537.36 (KHTML, like Gecko) Chrome/136.0.0.0 Safari/537.36', '2025-05-28 08:42:27'),
(176, 1, 'Insert Product Inventory', 'tbl_product_inventory', '{\"fk_product_id\":1,\"fk_batch_id\":1,\"fk_sourcing_partner_id\":\"1\",\"add_quantity\":\"16\",\"total_quantity\":\"16\",\"used_status\":1,\"fk_login_id\":\"1\",\"fk_inventory_entry_type\":\"1\"}', '::1', 'Mozilla/5.0 (Windows NT 10.0; Win64; x64) AppleWebKit/537.36 (KHTML, like Gecko) Chrome/136.0.0.0 Safari/537.36', '2025-05-28 08:42:27'),
(177, 1, 'Insert Product', 'tbl_product_master', '{\"product_name\":\"Neem 500g\",\"product_sku_code\":\"6\",\"fk_stock_availability_id\":\"1\",\"barcode\":null,\"description\":\"Description\",\"fk_product_types_id\":\"1\"}', '::1', 'Mozilla/5.0 (Windows NT 10.0; Win64; x64) AppleWebKit/537.36 (KHTML, like Gecko) Chrome/136.0.0.0 Safari/537.36', '2025-05-28 08:42:28'),
(178, 1, 'Insert Product Batch', 'tbl_product_batches', '{\"fk_product_id\":2,\"batch_no\":\"1210\",\"quantity\":\"10\",\"manufactured_date\":\"2024\\/10\\/20\",\"expiry_date\":\"2027\\/10\\/19\",\"purchase_date\":\"2025-01-01\"}', '::1', 'Mozilla/5.0 (Windows NT 10.0; Win64; x64) AppleWebKit/537.36 (KHTML, like Gecko) Chrome/136.0.0.0 Safari/537.36', '2025-05-28 08:42:28'),
(179, 1, 'Insert Product Price', 'tbl_product_price', '{\"fk_product_id\":2,\"fk_batch_id\":2,\"purchase_price\":\"115.5\",\"MRP\":\"1050\",\"selling_price\":null}', '::1', 'Mozilla/5.0 (Windows NT 10.0; Win64; x64) AppleWebKit/537.36 (KHTML, like Gecko) Chrome/136.0.0.0 Safari/537.36', '2025-05-28 08:42:28'),
(180, 1, 'Insert Product Inventory', 'tbl_product_inventory', '{\"fk_product_id\":2,\"fk_batch_id\":2,\"fk_sourcing_partner_id\":\"1\",\"add_quantity\":\"10\",\"total_quantity\":\"10\",\"used_status\":1,\"fk_login_id\":\"1\",\"fk_inventory_entry_type\":\"1\"}', '::1', 'Mozilla/5.0 (Windows NT 10.0; Win64; x64) AppleWebKit/537.36 (KHTML, like Gecko) Chrome/136.0.0.0 Safari/537.36', '2025-05-28 08:42:29'),
(181, 1, 'Insert Product', 'tbl_product_master', '{\"product_name\":\"Ajwain 250g\",\"product_sku_code\":\"13\",\"fk_stock_availability_id\":\"1\",\"barcode\":null,\"description\":\"Description\",\"fk_product_types_id\":\"1\"}', '::1', 'Mozilla/5.0 (Windows NT 10.0; Win64; x64) AppleWebKit/537.36 (KHTML, like Gecko) Chrome/136.0.0.0 Safari/537.36', '2025-05-28 08:42:29'),
(182, 1, 'Insert Product Batch', 'tbl_product_batches', '{\"fk_product_id\":3,\"batch_no\":\"1210\",\"quantity\":\"18\",\"manufactured_date\":\"2024\\/10\\/20\",\"expiry_date\":\"2027\\/10\\/19\",\"purchase_date\":\"2025-01-01\"}', '::1', 'Mozilla/5.0 (Windows NT 10.0; Win64; x64) AppleWebKit/537.36 (KHTML, like Gecko) Chrome/136.0.0.0 Safari/537.36', '2025-05-28 08:42:29'),
(183, 1, 'Insert Product Price', 'tbl_product_price', '{\"fk_product_id\":3,\"fk_batch_id\":3,\"purchase_price\":\"115.5\",\"MRP\":\"700\",\"selling_price\":null}', '::1', 'Mozilla/5.0 (Windows NT 10.0; Win64; x64) AppleWebKit/537.36 (KHTML, like Gecko) Chrome/136.0.0.0 Safari/537.36', '2025-05-28 08:42:29'),
(184, 1, 'Insert Product Inventory', 'tbl_product_inventory', '{\"fk_product_id\":3,\"fk_batch_id\":3,\"fk_sourcing_partner_id\":\"1\",\"add_quantity\":\"18\",\"total_quantity\":\"18\",\"used_status\":1,\"fk_login_id\":\"1\",\"fk_inventory_entry_type\":\"1\"}', '::1', 'Mozilla/5.0 (Windows NT 10.0; Win64; x64) AppleWebKit/537.36 (KHTML, like Gecko) Chrome/136.0.0.0 Safari/537.36', '2025-05-28 08:42:29'),
(185, 1, 'Insert Product', 'tbl_product_master', '{\"product_name\":\"Ajwain 500g\",\"product_sku_code\":\"14\",\"fk_stock_availability_id\":\"1\",\"barcode\":null,\"description\":\"Description\",\"fk_product_types_id\":\"1\"}', '::1', 'Mozilla/5.0 (Windows NT 10.0; Win64; x64) AppleWebKit/537.36 (KHTML, like Gecko) Chrome/136.0.0.0 Safari/537.36', '2025-05-28 08:42:29'),
(186, 1, 'Insert Product Batch', 'tbl_product_batches', '{\"fk_product_id\":4,\"batch_no\":\"1210\",\"quantity\":\"3\",\"manufactured_date\":\"2024\\/10\\/20\",\"expiry_date\":\"2027\\/10\\/19\",\"purchase_date\":\"2025-01-01\"}', '::1', 'Mozilla/5.0 (Windows NT 10.0; Win64; x64) AppleWebKit/537.36 (KHTML, like Gecko) Chrome/136.0.0.0 Safari/537.36', '2025-05-28 08:42:29'),
(187, 1, 'Insert Product Price', 'tbl_product_price', '{\"fk_product_id\":4,\"fk_batch_id\":4,\"purchase_price\":\"115.5\",\"MRP\":\"1050\",\"selling_price\":null}', '::1', 'Mozilla/5.0 (Windows NT 10.0; Win64; x64) AppleWebKit/537.36 (KHTML, like Gecko) Chrome/136.0.0.0 Safari/537.36', '2025-05-28 08:42:29'),
(188, 1, 'Insert Product Inventory', 'tbl_product_inventory', '{\"fk_product_id\":4,\"fk_batch_id\":4,\"fk_sourcing_partner_id\":\"1\",\"add_quantity\":\"3\",\"total_quantity\":\"3\",\"used_status\":1,\"fk_login_id\":\"1\",\"fk_inventory_entry_type\":\"1\"}', '::1', 'Mozilla/5.0 (Windows NT 10.0; Win64; x64) AppleWebKit/537.36 (KHTML, like Gecko) Chrome/136.0.0.0 Safari/537.36', '2025-05-28 08:42:30'),
(189, 1, 'Insert Product', 'tbl_product_master', '{\"product_name\":\"Tulsi 250g\",\"product_sku_code\":\"7\",\"fk_stock_availability_id\":\"1\",\"barcode\":null,\"description\":\"Description\",\"fk_product_types_id\":\"1\"}', '::1', 'Mozilla/5.0 (Windows NT 10.0; Win64; x64) AppleWebKit/537.36 (KHTML, like Gecko) Chrome/136.0.0.0 Safari/537.36', '2025-05-28 08:42:30'),
(190, 1, 'Insert Product Batch', 'tbl_product_batches', '{\"fk_product_id\":5,\"batch_no\":\"1210\",\"quantity\":\"6\",\"manufactured_date\":\"2024\\/10\\/20\",\"expiry_date\":\"2027\\/10\\/19\",\"purchase_date\":\"2025-01-01\"}', '::1', 'Mozilla/5.0 (Windows NT 10.0; Win64; x64) AppleWebKit/537.36 (KHTML, like Gecko) Chrome/136.0.0.0 Safari/537.36', '2025-05-28 08:42:30'),
(191, 1, 'Insert Product Price', 'tbl_product_price', '{\"fk_product_id\":5,\"fk_batch_id\":5,\"purchase_price\":\"115.5\",\"MRP\":\"700\",\"selling_price\":null}', '::1', 'Mozilla/5.0 (Windows NT 10.0; Win64; x64) AppleWebKit/537.36 (KHTML, like Gecko) Chrome/136.0.0.0 Safari/537.36', '2025-05-28 08:42:30'),
(192, 1, 'Insert Product Inventory', 'tbl_product_inventory', '{\"fk_product_id\":5,\"fk_batch_id\":5,\"fk_sourcing_partner_id\":\"1\",\"add_quantity\":\"6\",\"total_quantity\":\"6\",\"used_status\":1,\"fk_login_id\":\"1\",\"fk_inventory_entry_type\":\"1\"}', '::1', 'Mozilla/5.0 (Windows NT 10.0; Win64; x64) AppleWebKit/537.36 (KHTML, like Gecko) Chrome/136.0.0.0 Safari/537.36', '2025-05-28 08:42:30'),
(193, 1, 'Insert Product', 'tbl_product_master', '{\"product_name\":\"Tulsi 500g\",\"product_sku_code\":\"8\",\"fk_stock_availability_id\":\"1\",\"barcode\":null,\"description\":\"Description\",\"fk_product_types_id\":\"1\"}', '::1', 'Mozilla/5.0 (Windows NT 10.0; Win64; x64) AppleWebKit/537.36 (KHTML, like Gecko) Chrome/136.0.0.0 Safari/537.36', '2025-05-28 08:42:30'),
(194, 1, 'Insert Product Batch', 'tbl_product_batches', '{\"fk_product_id\":6,\"batch_no\":\"1210\",\"quantity\":\"3\",\"manufactured_date\":\"2024\\/10\\/20\",\"expiry_date\":\"2027\\/10\\/19\",\"purchase_date\":\"2025-01-01\"}', '::1', 'Mozilla/5.0 (Windows NT 10.0; Win64; x64) AppleWebKit/537.36 (KHTML, like Gecko) Chrome/136.0.0.0 Safari/537.36', '2025-05-28 08:42:30'),
(195, 1, 'Insert Product Price', 'tbl_product_price', '{\"fk_product_id\":6,\"fk_batch_id\":6,\"purchase_price\":\"115.5\",\"MRP\":\"1050\",\"selling_price\":null}', '::1', 'Mozilla/5.0 (Windows NT 10.0; Win64; x64) AppleWebKit/537.36 (KHTML, like Gecko) Chrome/136.0.0.0 Safari/537.36', '2025-05-28 08:42:30'),
(196, 1, 'Insert Product Inventory', 'tbl_product_inventory', '{\"fk_product_id\":6,\"fk_batch_id\":6,\"fk_sourcing_partner_id\":\"1\",\"add_quantity\":\"3\",\"total_quantity\":\"3\",\"used_status\":1,\"fk_login_id\":\"1\",\"fk_inventory_entry_type\":\"1\"}', '::1', 'Mozilla/5.0 (Windows NT 10.0; Win64; x64) AppleWebKit/537.36 (KHTML, like Gecko) Chrome/136.0.0.0 Safari/537.36', '2025-05-28 08:42:30'),
(197, 1, 'Insert Product', 'tbl_product_master', '{\"product_name\":\"Acacia 250g\",\"product_sku_code\":\"1\",\"fk_stock_availability_id\":\"1\",\"barcode\":null,\"description\":\"Description\",\"fk_product_types_id\":\"1\"}', '::1', 'Mozilla/5.0 (Windows NT 10.0; Win64; x64) AppleWebKit/537.36 (KHTML, like Gecko) Chrome/136.0.0.0 Safari/537.36', '2025-05-28 08:42:30'),
(198, 1, 'Insert Product Batch', 'tbl_product_batches', '{\"fk_product_id\":7,\"batch_no\":\"1210\",\"quantity\":\"3\",\"manufactured_date\":\"2024\\/10\\/20\",\"expiry_date\":\"2027\\/10\\/19\",\"purchase_date\":\"2025-01-01\"}', '::1', 'Mozilla/5.0 (Windows NT 10.0; Win64; x64) AppleWebKit/537.36 (KHTML, like Gecko) Chrome/136.0.0.0 Safari/537.36', '2025-05-28 08:42:31'),
(199, 1, 'Insert Product Price', 'tbl_product_price', '{\"fk_product_id\":7,\"fk_batch_id\":7,\"purchase_price\":\"115.5\",\"MRP\":\"700\",\"selling_price\":null}', '::1', 'Mozilla/5.0 (Windows NT 10.0; Win64; x64) AppleWebKit/537.36 (KHTML, like Gecko) Chrome/136.0.0.0 Safari/537.36', '2025-05-28 08:42:31'),
(200, 1, 'Insert Product Inventory', 'tbl_product_inventory', '{\"fk_product_id\":7,\"fk_batch_id\":7,\"fk_sourcing_partner_id\":\"1\",\"add_quantity\":\"3\",\"total_quantity\":\"3\",\"used_status\":1,\"fk_login_id\":\"1\",\"fk_inventory_entry_type\":\"1\"}', '::1', 'Mozilla/5.0 (Windows NT 10.0; Win64; x64) AppleWebKit/537.36 (KHTML, like Gecko) Chrome/136.0.0.0 Safari/537.36', '2025-05-28 08:42:31'),
(201, 1, 'Insert Product', 'tbl_product_master', '{\"product_name\":\"Acacia 500g\",\"product_sku_code\":\"2\",\"fk_stock_availability_id\":\"1\",\"barcode\":null,\"description\":\"Description\",\"fk_product_types_id\":\"1\"}', '::1', 'Mozilla/5.0 (Windows NT 10.0; Win64; x64) AppleWebKit/537.36 (KHTML, like Gecko) Chrome/136.0.0.0 Safari/537.36', '2025-05-28 08:42:31'),
(202, 1, 'Insert Product Batch', 'tbl_product_batches', '{\"fk_product_id\":8,\"batch_no\":\"1210\",\"quantity\":\"1\",\"manufactured_date\":\"2024\\/10\\/20\",\"expiry_date\":\"2027\\/10\\/19\",\"purchase_date\":\"2025-01-01\"}', '::1', 'Mozilla/5.0 (Windows NT 10.0; Win64; x64) AppleWebKit/537.36 (KHTML, like Gecko) Chrome/136.0.0.0 Safari/537.36', '2025-05-28 08:42:31'),
(203, 1, 'Insert Product Price', 'tbl_product_price', '{\"fk_product_id\":8,\"fk_batch_id\":8,\"purchase_price\":\"115.5\",\"MRP\":\"1050\",\"selling_price\":null}', '::1', 'Mozilla/5.0 (Windows NT 10.0; Win64; x64) AppleWebKit/537.36 (KHTML, like Gecko) Chrome/136.0.0.0 Safari/537.36', '2025-05-28 08:42:31'),
(204, 1, 'Insert Product Inventory', 'tbl_product_inventory', '{\"fk_product_id\":8,\"fk_batch_id\":8,\"fk_sourcing_partner_id\":\"1\",\"add_quantity\":\"1\",\"total_quantity\":\"1\",\"used_status\":1,\"fk_login_id\":\"1\",\"fk_inventory_entry_type\":\"1\"}', '::1', 'Mozilla/5.0 (Windows NT 10.0; Win64; x64) AppleWebKit/537.36 (KHTML, like Gecko) Chrome/136.0.0.0 Safari/537.36', '2025-05-28 08:42:31'),
(205, 1, 'Insert Product', 'tbl_product_master', '{\"product_name\":\"Acacia 400g\",\"product_sku_code\":\"33\",\"fk_stock_availability_id\":\"1\",\"barcode\":null,\"description\":\"Description\",\"fk_product_types_id\":\"1\"}', '::1', 'Mozilla/5.0 (Windows NT 10.0; Win64; x64) AppleWebKit/537.36 (KHTML, like Gecko) Chrome/136.0.0.0 Safari/537.36', '2025-05-28 08:42:31'),
(206, 1, 'Insert Product Batch', 'tbl_product_batches', '{\"fk_product_id\":9,\"batch_no\":\"1210\",\"quantity\":\"7\",\"manufactured_date\":\"2024\\/10\\/20\",\"expiry_date\":\"2027\\/10\\/19\",\"purchase_date\":\"2025-01-01\"}', '::1', 'Mozilla/5.0 (Windows NT 10.0; Win64; x64) AppleWebKit/537.36 (KHTML, like Gecko) Chrome/136.0.0.0 Safari/537.36', '2025-05-28 08:42:31'),
(207, 1, 'Insert Product Price', 'tbl_product_price', '{\"fk_product_id\":9,\"fk_batch_id\":9,\"purchase_price\":\"115.5\",\"MRP\":\"400\",\"selling_price\":null}', '::1', 'Mozilla/5.0 (Windows NT 10.0; Win64; x64) AppleWebKit/537.36 (KHTML, like Gecko) Chrome/136.0.0.0 Safari/537.36', '2025-05-28 08:42:31'),
(208, 1, 'Insert Product Inventory', 'tbl_product_inventory', '{\"fk_product_id\":9,\"fk_batch_id\":9,\"fk_sourcing_partner_id\":\"1\",\"add_quantity\":\"7\",\"total_quantity\":\"7\",\"used_status\":1,\"fk_login_id\":\"1\",\"fk_inventory_entry_type\":\"1\"}', '::1', 'Mozilla/5.0 (Windows NT 10.0; Win64; x64) AppleWebKit/537.36 (KHTML, like Gecko) Chrome/136.0.0.0 Safari/537.36', '2025-05-28 08:42:31'),
(209, 1, 'Insert Product', 'tbl_product_master', '{\"product_name\":\"Acacia 125g\",\"product_sku_code\":\"34\",\"fk_stock_availability_id\":\"1\",\"barcode\":null,\"description\":\"Description\",\"fk_product_types_id\":\"1\"}', '::1', 'Mozilla/5.0 (Windows NT 10.0; Win64; x64) AppleWebKit/537.36 (KHTML, like Gecko) Chrome/136.0.0.0 Safari/537.36', '2025-05-28 08:42:32'),
(210, 1, 'Insert Product Batch', 'tbl_product_batches', '{\"fk_product_id\":10,\"batch_no\":\"1210\",\"quantity\":\"10\",\"manufactured_date\":\"2024\\/10\\/20\",\"expiry_date\":\"2027\\/10\\/19\",\"purchase_date\":\"2025-01-01\"}', '::1', 'Mozilla/5.0 (Windows NT 10.0; Win64; x64) AppleWebKit/537.36 (KHTML, like Gecko) Chrome/136.0.0.0 Safari/537.36', '2025-05-28 08:42:32'),
(211, 1, 'Insert Product Price', 'tbl_product_price', '{\"fk_product_id\":10,\"fk_batch_id\":10,\"purchase_price\":\"115.5\",\"MRP\":\"400\",\"selling_price\":null}', '::1', 'Mozilla/5.0 (Windows NT 10.0; Win64; x64) AppleWebKit/537.36 (KHTML, like Gecko) Chrome/136.0.0.0 Safari/537.36', '2025-05-28 08:42:32'),
(212, 1, 'Insert Product Inventory', 'tbl_product_inventory', '{\"fk_product_id\":10,\"fk_batch_id\":10,\"fk_sourcing_partner_id\":\"1\",\"add_quantity\":\"10\",\"total_quantity\":\"10\",\"used_status\":1,\"fk_login_id\":\"1\",\"fk_inventory_entry_type\":\"1\"}', '::1', 'Mozilla/5.0 (Windows NT 10.0; Win64; x64) AppleWebKit/537.36 (KHTML, like Gecko) Chrome/136.0.0.0 Safari/537.36', '2025-05-28 08:42:32'),
(213, 1, 'Insert Product', 'tbl_product_master', '{\"product_name\":\"Maltiflora 250g\",\"product_sku_code\":\"9\",\"fk_stock_availability_id\":\"1\",\"barcode\":null,\"description\":\"Description\",\"fk_product_types_id\":\"1\"}', '::1', 'Mozilla/5.0 (Windows NT 10.0; Win64; x64) AppleWebKit/537.36 (KHTML, like Gecko) Chrome/136.0.0.0 Safari/537.36', '2025-05-28 08:42:32'),
(214, 1, 'Insert Product Batch', 'tbl_product_batches', '{\"fk_product_id\":11,\"batch_no\":\"1210\",\"quantity\":\"32\",\"manufactured_date\":\"2024\\/10\\/20\",\"expiry_date\":\"2027\\/10\\/19\",\"purchase_date\":\"2025-01-01\"}', '::1', 'Mozilla/5.0 (Windows NT 10.0; Win64; x64) AppleWebKit/537.36 (KHTML, like Gecko) Chrome/136.0.0.0 Safari/537.36', '2025-05-28 08:42:32'),
(215, 1, 'Insert Product Price', 'tbl_product_price', '{\"fk_product_id\":11,\"fk_batch_id\":11,\"purchase_price\":\"115.5\",\"MRP\":\"700\",\"selling_price\":null}', '::1', 'Mozilla/5.0 (Windows NT 10.0; Win64; x64) AppleWebKit/537.36 (KHTML, like Gecko) Chrome/136.0.0.0 Safari/537.36', '2025-05-28 08:42:33'),
(216, 1, 'Insert Product Inventory', 'tbl_product_inventory', '{\"fk_product_id\":11,\"fk_batch_id\":11,\"fk_sourcing_partner_id\":\"1\",\"add_quantity\":\"32\",\"total_quantity\":\"32\",\"used_status\":1,\"fk_login_id\":\"1\",\"fk_inventory_entry_type\":\"1\"}', '::1', 'Mozilla/5.0 (Windows NT 10.0; Win64; x64) AppleWebKit/537.36 (KHTML, like Gecko) Chrome/136.0.0.0 Safari/537.36', '2025-05-28 08:42:33'),
(217, 1, 'Insert Product', 'tbl_product_master', '{\"product_name\":\"Maltiflora 500g\",\"product_sku_code\":\"10\",\"fk_stock_availability_id\":\"1\",\"barcode\":null,\"description\":\"Description\",\"fk_product_types_id\":\"1\"}', '::1', 'Mozilla/5.0 (Windows NT 10.0; Win64; x64) AppleWebKit/537.36 (KHTML, like Gecko) Chrome/136.0.0.0 Safari/537.36', '2025-05-28 08:42:33'),
(218, 1, 'Insert Product Batch', 'tbl_product_batches', '{\"fk_product_id\":12,\"batch_no\":\"1210\",\"quantity\":\"5\",\"manufactured_date\":\"2024\\/10\\/20\",\"expiry_date\":\"2027\\/10\\/19\",\"purchase_date\":\"2025-01-01\"}', '::1', 'Mozilla/5.0 (Windows NT 10.0; Win64; x64) AppleWebKit/537.36 (KHTML, like Gecko) Chrome/136.0.0.0 Safari/537.36', '2025-05-28 08:42:33'),
(219, 1, 'Insert Product Price', 'tbl_product_price', '{\"fk_product_id\":12,\"fk_batch_id\":12,\"purchase_price\":\"115.5\",\"MRP\":\"1050\",\"selling_price\":null}', '::1', 'Mozilla/5.0 (Windows NT 10.0; Win64; x64) AppleWebKit/537.36 (KHTML, like Gecko) Chrome/136.0.0.0 Safari/537.36', '2025-05-28 08:42:34'),
(220, 1, 'Insert Product Inventory', 'tbl_product_inventory', '{\"fk_product_id\":12,\"fk_batch_id\":12,\"fk_sourcing_partner_id\":\"1\",\"add_quantity\":\"5\",\"total_quantity\":\"5\",\"used_status\":1,\"fk_login_id\":\"1\",\"fk_inventory_entry_type\":\"1\"}', '::1', 'Mozilla/5.0 (Windows NT 10.0; Win64; x64) AppleWebKit/537.36 (KHTML, like Gecko) Chrome/136.0.0.0 Safari/537.36', '2025-05-28 08:42:34'),
(221, 1, 'Insert Product', 'tbl_product_master', '{\"product_name\":\"Maltiflora 400g\",\"product_sku_code\":\"35\",\"fk_stock_availability_id\":\"1\",\"barcode\":null,\"description\":\"Description\",\"fk_product_types_id\":\"1\"}', '::1', 'Mozilla/5.0 (Windows NT 10.0; Win64; x64) AppleWebKit/537.36 (KHTML, like Gecko) Chrome/136.0.0.0 Safari/537.36', '2025-05-28 08:42:34'),
(222, 1, 'Insert Product Batch', 'tbl_product_batches', '{\"fk_product_id\":13,\"batch_no\":\"1210\",\"quantity\":\"10\",\"manufactured_date\":\"2024\\/10\\/20\",\"expiry_date\":\"2027\\/10\\/19\",\"purchase_date\":\"2025-01-01\"}', '::1', 'Mozilla/5.0 (Windows NT 10.0; Win64; x64) AppleWebKit/537.36 (KHTML, like Gecko) Chrome/136.0.0.0 Safari/537.36', '2025-05-28 08:42:34'),
(223, 1, 'Insert Product Price', 'tbl_product_price', '{\"fk_product_id\":13,\"fk_batch_id\":13,\"purchase_price\":\"115.5\",\"MRP\":\"900\",\"selling_price\":null}', '::1', 'Mozilla/5.0 (Windows NT 10.0; Win64; x64) AppleWebKit/537.36 (KHTML, like Gecko) Chrome/136.0.0.0 Safari/537.36', '2025-05-28 08:42:34'),
(224, 1, 'Insert Product Inventory', 'tbl_product_inventory', '{\"fk_product_id\":13,\"fk_batch_id\":13,\"fk_sourcing_partner_id\":\"1\",\"add_quantity\":\"10\",\"total_quantity\":\"10\",\"used_status\":1,\"fk_login_id\":\"1\",\"fk_inventory_entry_type\":\"1\"}', '::1', 'Mozilla/5.0 (Windows NT 10.0; Win64; x64) AppleWebKit/537.36 (KHTML, like Gecko) Chrome/136.0.0.0 Safari/537.36', '2025-05-28 08:42:34'),
(225, 1, 'Insert Product', 'tbl_product_master', '{\"product_name\":\"Maltiflora 125g\",\"product_sku_code\":\"36\",\"fk_stock_availability_id\":\"1\",\"barcode\":null,\"description\":\"Description\",\"fk_product_types_id\":\"1\"}', '::1', 'Mozilla/5.0 (Windows NT 10.0; Win64; x64) AppleWebKit/537.36 (KHTML, like Gecko) Chrome/136.0.0.0 Safari/537.36', '2025-05-28 08:42:34'),
(226, 1, 'Insert Product Batch', 'tbl_product_batches', '{\"fk_product_id\":14,\"batch_no\":\"1210\",\"quantity\":\"9\",\"manufactured_date\":\"2024\\/10\\/20\",\"expiry_date\":\"2027\\/10\\/19\",\"purchase_date\":\"2025-01-01\"}', '::1', 'Mozilla/5.0 (Windows NT 10.0; Win64; x64) AppleWebKit/537.36 (KHTML, like Gecko) Chrome/136.0.0.0 Safari/537.36', '2025-05-28 08:42:34'),
(227, 1, 'Insert Product Price', 'tbl_product_price', '{\"fk_product_id\":14,\"fk_batch_id\":14,\"purchase_price\":\"115.5\",\"MRP\":\"400\",\"selling_price\":null}', '::1', 'Mozilla/5.0 (Windows NT 10.0; Win64; x64) AppleWebKit/537.36 (KHTML, like Gecko) Chrome/136.0.0.0 Safari/537.36', '2025-05-28 08:42:34'),
(228, 1, 'Insert Product Inventory', 'tbl_product_inventory', '{\"fk_product_id\":14,\"fk_batch_id\":14,\"fk_sourcing_partner_id\":\"1\",\"add_quantity\":\"9\",\"total_quantity\":\"9\",\"used_status\":1,\"fk_login_id\":\"1\",\"fk_inventory_entry_type\":\"1\"}', '::1', 'Mozilla/5.0 (Windows NT 10.0; Win64; x64) AppleWebKit/537.36 (KHTML, like Gecko) Chrome/136.0.0.0 Safari/537.36', '2025-05-28 08:42:34'),
(229, 1, 'Insert Product', 'tbl_product_master', '{\"product_name\":\"Himalayan 250g\",\"product_sku_code\":\"11\",\"fk_stock_availability_id\":\"1\",\"barcode\":null,\"description\":\"Description\",\"fk_product_types_id\":\"1\"}', '::1', 'Mozilla/5.0 (Windows NT 10.0; Win64; x64) AppleWebKit/537.36 (KHTML, like Gecko) Chrome/136.0.0.0 Safari/537.36', '2025-05-28 08:42:34'),
(230, 1, 'Insert Product Batch', 'tbl_product_batches', '{\"fk_product_id\":15,\"batch_no\":\"1210\",\"quantity\":\"2\",\"manufactured_date\":\"2024\\/10\\/20\",\"expiry_date\":\"2027\\/10\\/19\",\"purchase_date\":\"2025-01-01\"}', '::1', 'Mozilla/5.0 (Windows NT 10.0; Win64; x64) AppleWebKit/537.36 (KHTML, like Gecko) Chrome/136.0.0.0 Safari/537.36', '2025-05-28 08:42:34'),
(231, 1, 'Insert Product Price', 'tbl_product_price', '{\"fk_product_id\":15,\"fk_batch_id\":15,\"purchase_price\":\"115.5\",\"MRP\":\"700\",\"selling_price\":null}', '::1', 'Mozilla/5.0 (Windows NT 10.0; Win64; x64) AppleWebKit/537.36 (KHTML, like Gecko) Chrome/136.0.0.0 Safari/537.36', '2025-05-28 08:42:34'),
(232, 1, 'Insert Product Inventory', 'tbl_product_inventory', '{\"fk_product_id\":15,\"fk_batch_id\":15,\"fk_sourcing_partner_id\":\"1\",\"add_quantity\":\"2\",\"total_quantity\":\"2\",\"used_status\":1,\"fk_login_id\":\"1\",\"fk_inventory_entry_type\":\"1\"}', '::1', 'Mozilla/5.0 (Windows NT 10.0; Win64; x64) AppleWebKit/537.36 (KHTML, like Gecko) Chrome/136.0.0.0 Safari/537.36', '2025-05-28 08:42:35'),
(233, 1, 'Insert Product', 'tbl_product_master', '{\"product_name\":\"Himalayan 500g\",\"product_sku_code\":\"12\",\"fk_stock_availability_id\":\"1\",\"barcode\":null,\"description\":\"Description\",\"fk_product_types_id\":\"1\"}', '::1', 'Mozilla/5.0 (Windows NT 10.0; Win64; x64) AppleWebKit/537.36 (KHTML, like Gecko) Chrome/136.0.0.0 Safari/537.36', '2025-05-28 08:42:35'),
(234, 1, 'Insert Product Batch', 'tbl_product_batches', '{\"fk_product_id\":16,\"batch_no\":\"1210\",\"quantity\":\"1\",\"manufactured_date\":\"2024\\/10\\/20\",\"expiry_date\":\"2027\\/10\\/19\",\"purchase_date\":\"2025-01-01\"}', '::1', 'Mozilla/5.0 (Windows NT 10.0; Win64; x64) AppleWebKit/537.36 (KHTML, like Gecko) Chrome/136.0.0.0 Safari/537.36', '2025-05-28 08:42:35'),
(235, 1, 'Insert Product Price', 'tbl_product_price', '{\"fk_product_id\":16,\"fk_batch_id\":16,\"purchase_price\":\"115.5\",\"MRP\":\"1050\",\"selling_price\":null}', '::1', 'Mozilla/5.0 (Windows NT 10.0; Win64; x64) AppleWebKit/537.36 (KHTML, like Gecko) Chrome/136.0.0.0 Safari/537.36', '2025-05-28 08:42:35'),
(236, 1, 'Insert Product Inventory', 'tbl_product_inventory', '{\"fk_product_id\":16,\"fk_batch_id\":16,\"fk_sourcing_partner_id\":\"1\",\"add_quantity\":\"1\",\"total_quantity\":\"1\",\"used_status\":1,\"fk_login_id\":\"1\",\"fk_inventory_entry_type\":\"1\"}', '::1', 'Mozilla/5.0 (Windows NT 10.0; Win64; x64) AppleWebKit/537.36 (KHTML, like Gecko) Chrome/136.0.0.0 Safari/537.36', '2025-05-28 08:42:35'),
(237, 1, 'Insert Product', 'tbl_product_master', '{\"product_name\":\"Raw Organic 250g\",\"product_sku_code\":\"3\",\"fk_stock_availability_id\":\"1\",\"barcode\":null,\"description\":\"Description\",\"fk_product_types_id\":\"1\"}', '::1', 'Mozilla/5.0 (Windows NT 10.0; Win64; x64) AppleWebKit/537.36 (KHTML, like Gecko) Chrome/136.0.0.0 Safari/537.36', '2025-05-28 08:42:35'),
(238, 1, 'Insert Product Batch', 'tbl_product_batches', '{\"fk_product_id\":17,\"batch_no\":\"1210\",\"quantity\":\"11\",\"manufactured_date\":\"2024\\/10\\/20\",\"expiry_date\":\"2027\\/10\\/19\",\"purchase_date\":\"2025-01-01\"}', '::1', 'Mozilla/5.0 (Windows NT 10.0; Win64; x64) AppleWebKit/537.36 (KHTML, like Gecko) Chrome/136.0.0.0 Safari/537.36', '2025-05-28 08:42:35'),
(239, 1, 'Insert Product Price', 'tbl_product_price', '{\"fk_product_id\":17,\"fk_batch_id\":17,\"purchase_price\":\"115.5\",\"MRP\":\"700\",\"selling_price\":null}', '::1', 'Mozilla/5.0 (Windows NT 10.0; Win64; x64) AppleWebKit/537.36 (KHTML, like Gecko) Chrome/136.0.0.0 Safari/537.36', '2025-05-28 08:42:35'),
(240, 1, 'Insert Product Inventory', 'tbl_product_inventory', '{\"fk_product_id\":17,\"fk_batch_id\":17,\"fk_sourcing_partner_id\":\"1\",\"add_quantity\":\"11\",\"total_quantity\":\"11\",\"used_status\":1,\"fk_login_id\":\"1\",\"fk_inventory_entry_type\":\"1\"}', '::1', 'Mozilla/5.0 (Windows NT 10.0; Win64; x64) AppleWebKit/537.36 (KHTML, like Gecko) Chrome/136.0.0.0 Safari/537.36', '2025-05-28 08:42:35'),
(241, 1, 'Insert Product', 'tbl_product_master', '{\"product_name\":\"Raw Organic 500g\",\"product_sku_code\":\"4\",\"fk_stock_availability_id\":\"1\",\"barcode\":null,\"description\":\"Description\",\"fk_product_types_id\":\"1\"}', '::1', 'Mozilla/5.0 (Windows NT 10.0; Win64; x64) AppleWebKit/537.36 (KHTML, like Gecko) Chrome/136.0.0.0 Safari/537.36', '2025-05-28 08:42:36'),
(242, 1, 'Insert Product Batch', 'tbl_product_batches', '{\"fk_product_id\":18,\"batch_no\":\"1210\",\"quantity\":\"0\",\"manufactured_date\":\"2024\\/10\\/20\",\"expiry_date\":\"2027\\/10\\/19\",\"purchase_date\":\"2025-01-01\"}', '::1', 'Mozilla/5.0 (Windows NT 10.0; Win64; x64) AppleWebKit/537.36 (KHTML, like Gecko) Chrome/136.0.0.0 Safari/537.36', '2025-05-28 08:42:36'),
(243, 1, 'Insert Product Price', 'tbl_product_price', '{\"fk_product_id\":18,\"fk_batch_id\":18,\"purchase_price\":\"115.5\",\"MRP\":\"1050\",\"selling_price\":null}', '::1', 'Mozilla/5.0 (Windows NT 10.0; Win64; x64) AppleWebKit/537.36 (KHTML, like Gecko) Chrome/136.0.0.0 Safari/537.36', '2025-05-28 08:42:36'),
(244, 1, 'Insert Product Inventory', 'tbl_product_inventory', '{\"fk_product_id\":18,\"fk_batch_id\":18,\"fk_sourcing_partner_id\":\"1\",\"add_quantity\":\"0\",\"total_quantity\":\"0\",\"used_status\":1,\"fk_login_id\":\"1\",\"fk_inventory_entry_type\":\"1\"}', '::1', 'Mozilla/5.0 (Windows NT 10.0; Win64; x64) AppleWebKit/537.36 (KHTML, like Gecko) Chrome/136.0.0.0 Safari/537.36', '2025-05-28 08:42:36'),
(245, 1, 'Insert Product', 'tbl_product_master', '{\"product_name\":\"Jamun 250g\",\"product_sku_code\":\"19\",\"fk_stock_availability_id\":\"1\",\"barcode\":null,\"description\":\"Description\",\"fk_product_types_id\":\"1\"}', '::1', 'Mozilla/5.0 (Windows NT 10.0; Win64; x64) AppleWebKit/537.36 (KHTML, like Gecko) Chrome/136.0.0.0 Safari/537.36', '2025-05-28 08:42:36'),
(246, 1, 'Insert Product Batch', 'tbl_product_batches', '{\"fk_product_id\":19,\"batch_no\":\"1210\",\"quantity\":\"8\",\"manufactured_date\":\"2024\\/10\\/20\",\"expiry_date\":\"2027\\/10\\/19\",\"purchase_date\":\"2025-01-01\"}', '::1', 'Mozilla/5.0 (Windows NT 10.0; Win64; x64) AppleWebKit/537.36 (KHTML, like Gecko) Chrome/136.0.0.0 Safari/537.36', '2025-05-28 08:42:36'),
(247, 1, 'Insert Product Price', 'tbl_product_price', '{\"fk_product_id\":19,\"fk_batch_id\":19,\"purchase_price\":\"115.5\",\"MRP\":\"700\",\"selling_price\":null}', '::1', 'Mozilla/5.0 (Windows NT 10.0; Win64; x64) AppleWebKit/537.36 (KHTML, like Gecko) Chrome/136.0.0.0 Safari/537.36', '2025-05-28 08:42:36'),
(248, 1, 'Insert Product Inventory', 'tbl_product_inventory', '{\"fk_product_id\":19,\"fk_batch_id\":19,\"fk_sourcing_partner_id\":\"1\",\"add_quantity\":\"8\",\"total_quantity\":\"8\",\"used_status\":1,\"fk_login_id\":\"1\",\"fk_inventory_entry_type\":\"1\"}', '::1', 'Mozilla/5.0 (Windows NT 10.0; Win64; x64) AppleWebKit/537.36 (KHTML, like Gecko) Chrome/136.0.0.0 Safari/537.36', '2025-05-28 08:42:36'),
(249, 1, 'Insert Product', 'tbl_product_master', '{\"product_name\":\"Jamun 500g\",\"product_sku_code\":\"20\",\"fk_stock_availability_id\":\"1\",\"barcode\":null,\"description\":\"Description\",\"fk_product_types_id\":\"1\"}', '::1', 'Mozilla/5.0 (Windows NT 10.0; Win64; x64) AppleWebKit/537.36 (KHTML, like Gecko) Chrome/136.0.0.0 Safari/537.36', '2025-05-28 08:42:36'),
(250, 1, 'Insert Product Batch', 'tbl_product_batches', '{\"fk_product_id\":20,\"batch_no\":\"1210\",\"quantity\":\"5\",\"manufactured_date\":\"2024\\/10\\/20\",\"expiry_date\":\"2027\\/10\\/19\",\"purchase_date\":\"2025-01-01\"}', '::1', 'Mozilla/5.0 (Windows NT 10.0; Win64; x64) AppleWebKit/537.36 (KHTML, like Gecko) Chrome/136.0.0.0 Safari/537.36', '2025-05-28 08:42:37'),
(251, 1, 'Insert Product Price', 'tbl_product_price', '{\"fk_product_id\":20,\"fk_batch_id\":20,\"purchase_price\":\"115.5\",\"MRP\":\"1050\",\"selling_price\":null}', '::1', 'Mozilla/5.0 (Windows NT 10.0; Win64; x64) AppleWebKit/537.36 (KHTML, like Gecko) Chrome/136.0.0.0 Safari/537.36', '2025-05-28 08:42:37'),
(252, 1, 'Insert Product Inventory', 'tbl_product_inventory', '{\"fk_product_id\":20,\"fk_batch_id\":20,\"fk_sourcing_partner_id\":\"1\",\"add_quantity\":\"5\",\"total_quantity\":\"5\",\"used_status\":1,\"fk_login_id\":\"1\",\"fk_inventory_entry_type\":\"1\"}', '::1', 'Mozilla/5.0 (Windows NT 10.0; Win64; x64) AppleWebKit/537.36 (KHTML, like Gecko) Chrome/136.0.0.0 Safari/537.36', '2025-05-28 08:42:37'),
(253, 1, 'Insert Product', 'tbl_product_master', '{\"product_name\":\"Litchi 250g\",\"product_sku_code\":\"29\",\"fk_stock_availability_id\":\"1\",\"barcode\":null,\"description\":\"Description\",\"fk_product_types_id\":\"1\"}', '::1', 'Mozilla/5.0 (Windows NT 10.0; Win64; x64) AppleWebKit/537.36 (KHTML, like Gecko) Chrome/136.0.0.0 Safari/537.36', '2025-05-28 08:42:37'),
(254, 1, 'Insert Product Batch', 'tbl_product_batches', '{\"fk_product_id\":21,\"batch_no\":\"1210\",\"quantity\":\"8\",\"manufactured_date\":\"2024\\/10\\/20\",\"expiry_date\":\"2027\\/10\\/19\",\"purchase_date\":\"2025-01-01\"}', '::1', 'Mozilla/5.0 (Windows NT 10.0; Win64; x64) AppleWebKit/537.36 (KHTML, like Gecko) Chrome/136.0.0.0 Safari/537.36', '2025-05-28 08:42:37'),
(255, 1, 'Insert Product Price', 'tbl_product_price', '{\"fk_product_id\":21,\"fk_batch_id\":21,\"purchase_price\":\"115.5\",\"MRP\":\"700\",\"selling_price\":null}', '::1', 'Mozilla/5.0 (Windows NT 10.0; Win64; x64) AppleWebKit/537.36 (KHTML, like Gecko) Chrome/136.0.0.0 Safari/537.36', '2025-05-28 08:42:37'),
(256, 1, 'Insert Product Inventory', 'tbl_product_inventory', '{\"fk_product_id\":21,\"fk_batch_id\":21,\"fk_sourcing_partner_id\":\"1\",\"add_quantity\":\"8\",\"total_quantity\":\"8\",\"used_status\":1,\"fk_login_id\":\"1\",\"fk_inventory_entry_type\":\"1\"}', '::1', 'Mozilla/5.0 (Windows NT 10.0; Win64; x64) AppleWebKit/537.36 (KHTML, like Gecko) Chrome/136.0.0.0 Safari/537.36', '2025-05-28 08:42:37'),
(257, 1, 'Insert Product', 'tbl_product_master', '{\"product_name\":\"Litchi 500g\",\"product_sku_code\":\"30\",\"fk_stock_availability_id\":\"1\",\"barcode\":null,\"description\":\"Description\",\"fk_product_types_id\":\"1\"}', '::1', 'Mozilla/5.0 (Windows NT 10.0; Win64; x64) AppleWebKit/537.36 (KHTML, like Gecko) Chrome/136.0.0.0 Safari/537.36', '2025-05-28 08:42:38'),
(258, 1, 'Insert Product Batch', 'tbl_product_batches', '{\"fk_product_id\":22,\"batch_no\":\"1210\",\"quantity\":\"5\",\"manufactured_date\":\"2024\\/10\\/20\",\"expiry_date\":\"2027\\/10\\/19\",\"purchase_date\":\"2025-01-01\"}', '::1', 'Mozilla/5.0 (Windows NT 10.0; Win64; x64) AppleWebKit/537.36 (KHTML, like Gecko) Chrome/136.0.0.0 Safari/537.36', '2025-05-28 08:42:38'),
(259, 1, 'Insert Product Price', 'tbl_product_price', '{\"fk_product_id\":22,\"fk_batch_id\":22,\"purchase_price\":\"115.5\",\"MRP\":\"1050\",\"selling_price\":null}', '::1', 'Mozilla/5.0 (Windows NT 10.0; Win64; x64) AppleWebKit/537.36 (KHTML, like Gecko) Chrome/136.0.0.0 Safari/537.36', '2025-05-28 08:42:38'),
(260, 1, 'Insert Product Inventory', 'tbl_product_inventory', '{\"fk_product_id\":22,\"fk_batch_id\":22,\"fk_sourcing_partner_id\":\"1\",\"add_quantity\":\"5\",\"total_quantity\":\"5\",\"used_status\":1,\"fk_login_id\":\"1\",\"fk_inventory_entry_type\":\"1\"}', '::1', 'Mozilla/5.0 (Windows NT 10.0; Win64; x64) AppleWebKit/537.36 (KHTML, like Gecko) Chrome/136.0.0.0 Safari/537.36', '2025-05-28 08:42:38'),
(261, 1, 'Insert Product', 'tbl_product_master', '{\"product_name\":\"Natural Pure 250g\",\"product_sku_code\":\"21\",\"fk_stock_availability_id\":\"1\",\"barcode\":null,\"description\":\"Description\",\"fk_product_types_id\":\"1\"}', '::1', 'Mozilla/5.0 (Windows NT 10.0; Win64; x64) AppleWebKit/537.36 (KHTML, like Gecko) Chrome/136.0.0.0 Safari/537.36', '2025-05-28 08:42:38'),
(262, 1, 'Insert Product Batch', 'tbl_product_batches', '{\"fk_product_id\":23,\"batch_no\":\"1210\",\"quantity\":\"0\",\"manufactured_date\":\"2024\\/10\\/20\",\"expiry_date\":\"2027\\/10\\/19\",\"purchase_date\":\"2025-01-01\"}', '::1', 'Mozilla/5.0 (Windows NT 10.0; Win64; x64) AppleWebKit/537.36 (KHTML, like Gecko) Chrome/136.0.0.0 Safari/537.36', '2025-05-28 08:42:38'),
(263, 1, 'Insert Product Price', 'tbl_product_price', '{\"fk_product_id\":23,\"fk_batch_id\":23,\"purchase_price\":\"115.5\",\"MRP\":\"700\",\"selling_price\":null}', '::1', 'Mozilla/5.0 (Windows NT 10.0; Win64; x64) AppleWebKit/537.36 (KHTML, like Gecko) Chrome/136.0.0.0 Safari/537.36', '2025-05-28 08:42:38'),
(264, 1, 'Insert Product Inventory', 'tbl_product_inventory', '{\"fk_product_id\":23,\"fk_batch_id\":23,\"fk_sourcing_partner_id\":\"1\",\"add_quantity\":\"0\",\"total_quantity\":\"0\",\"used_status\":1,\"fk_login_id\":\"1\",\"fk_inventory_entry_type\":\"1\"}', '::1', 'Mozilla/5.0 (Windows NT 10.0; Win64; x64) AppleWebKit/537.36 (KHTML, like Gecko) Chrome/136.0.0.0 Safari/537.36', '2025-05-28 08:42:38'),
(265, 1, 'Insert Product', 'tbl_product_master', '{\"product_name\":\"Natural Pure 500g\",\"product_sku_code\":\"22\",\"fk_stock_availability_id\":\"1\",\"barcode\":null,\"description\":\"Description\",\"fk_product_types_id\":\"1\"}', '::1', 'Mozilla/5.0 (Windows NT 10.0; Win64; x64) AppleWebKit/537.36 (KHTML, like Gecko) Chrome/136.0.0.0 Safari/537.36', '2025-05-28 08:42:38'),
(266, 1, 'Insert Product Batch', 'tbl_product_batches', '{\"fk_product_id\":24,\"batch_no\":\"1210\",\"quantity\":\"4\",\"manufactured_date\":\"2024\\/10\\/20\",\"expiry_date\":\"2027\\/10\\/19\",\"purchase_date\":\"2025-01-01\"}', '::1', 'Mozilla/5.0 (Windows NT 10.0; Win64; x64) AppleWebKit/537.36 (KHTML, like Gecko) Chrome/136.0.0.0 Safari/537.36', '2025-05-28 08:42:39'),
(267, 1, 'Insert Product Price', 'tbl_product_price', '{\"fk_product_id\":24,\"fk_batch_id\":24,\"purchase_price\":\"115.5\",\"MRP\":\"1050\",\"selling_price\":null}', '::1', 'Mozilla/5.0 (Windows NT 10.0; Win64; x64) AppleWebKit/537.36 (KHTML, like Gecko) Chrome/136.0.0.0 Safari/537.36', '2025-05-28 08:42:39'),
(268, 1, 'Insert Product Inventory', 'tbl_product_inventory', '{\"fk_product_id\":24,\"fk_batch_id\":24,\"fk_sourcing_partner_id\":\"1\",\"add_quantity\":\"4\",\"total_quantity\":\"4\",\"used_status\":1,\"fk_login_id\":\"1\",\"fk_inventory_entry_type\":\"1\"}', '::1', 'Mozilla/5.0 (Windows NT 10.0; Win64; x64) AppleWebKit/537.36 (KHTML, like Gecko) Chrome/136.0.0.0 Safari/537.36', '2025-05-28 08:42:39'),
(269, 1, 'Insert Product', 'tbl_product_master', '{\"product_name\":\"Forest 250g\",\"product_sku_code\":\"15\",\"fk_stock_availability_id\":\"1\",\"barcode\":null,\"description\":\"Description\",\"fk_product_types_id\":\"1\"}', '::1', 'Mozilla/5.0 (Windows NT 10.0; Win64; x64) AppleWebKit/537.36 (KHTML, like Gecko) Chrome/136.0.0.0 Safari/537.36', '2025-05-28 08:42:39'),
(270, 1, 'Insert Product Batch', 'tbl_product_batches', '{\"fk_product_id\":25,\"batch_no\":\"1210\",\"quantity\":\"16\",\"manufactured_date\":\"2024\\/10\\/20\",\"expiry_date\":\"2027\\/10\\/19\",\"purchase_date\":\"2025-01-01\"}', '::1', 'Mozilla/5.0 (Windows NT 10.0; Win64; x64) AppleWebKit/537.36 (KHTML, like Gecko) Chrome/136.0.0.0 Safari/537.36', '2025-05-28 08:42:39'),
(271, 1, 'Insert Product Price', 'tbl_product_price', '{\"fk_product_id\":25,\"fk_batch_id\":25,\"purchase_price\":\"115.5\",\"MRP\":\"700\",\"selling_price\":null}', '::1', 'Mozilla/5.0 (Windows NT 10.0; Win64; x64) AppleWebKit/537.36 (KHTML, like Gecko) Chrome/136.0.0.0 Safari/537.36', '2025-05-28 08:42:39'),
(272, 1, 'Insert Product Inventory', 'tbl_product_inventory', '{\"fk_product_id\":25,\"fk_batch_id\":25,\"fk_sourcing_partner_id\":\"1\",\"add_quantity\":\"16\",\"total_quantity\":\"16\",\"used_status\":1,\"fk_login_id\":\"1\",\"fk_inventory_entry_type\":\"1\"}', '::1', 'Mozilla/5.0 (Windows NT 10.0; Win64; x64) AppleWebKit/537.36 (KHTML, like Gecko) Chrome/136.0.0.0 Safari/537.36', '2025-05-28 08:42:39'),
(273, 1, 'Insert Product', 'tbl_product_master', '{\"product_name\":\"Forest 500g\",\"product_sku_code\":\"16\",\"fk_stock_availability_id\":\"1\",\"barcode\":null,\"description\":\"Description\",\"fk_product_types_id\":\"1\"}', '::1', 'Mozilla/5.0 (Windows NT 10.0; Win64; x64) AppleWebKit/537.36 (KHTML, like Gecko) Chrome/136.0.0.0 Safari/537.36', '2025-05-28 08:42:39');
INSERT INTO `tbl_user_log` (`id`, `fk_user_id`, `action`, `inserted_table`, `inserted_data`, `ip_address`, `user_agent`, `created_at`) VALUES
(274, 1, 'Insert Product Batch', 'tbl_product_batches', '{\"fk_product_id\":26,\"batch_no\":\"1210\",\"quantity\":\"13\",\"manufactured_date\":\"2024\\/10\\/20\",\"expiry_date\":\"2027\\/10\\/19\",\"purchase_date\":\"2025-01-01\"}', '::1', 'Mozilla/5.0 (Windows NT 10.0; Win64; x64) AppleWebKit/537.36 (KHTML, like Gecko) Chrome/136.0.0.0 Safari/537.36', '2025-05-28 08:42:39'),
(275, 1, 'Insert Product Price', 'tbl_product_price', '{\"fk_product_id\":26,\"fk_batch_id\":26,\"purchase_price\":\"115.5\",\"MRP\":\"1050\",\"selling_price\":null}', '::1', 'Mozilla/5.0 (Windows NT 10.0; Win64; x64) AppleWebKit/537.36 (KHTML, like Gecko) Chrome/136.0.0.0 Safari/537.36', '2025-05-28 08:42:39'),
(276, 1, 'Insert Product Inventory', 'tbl_product_inventory', '{\"fk_product_id\":26,\"fk_batch_id\":26,\"fk_sourcing_partner_id\":\"1\",\"add_quantity\":\"13\",\"total_quantity\":\"13\",\"used_status\":1,\"fk_login_id\":\"1\",\"fk_inventory_entry_type\":\"1\"}', '::1', 'Mozilla/5.0 (Windows NT 10.0; Win64; x64) AppleWebKit/537.36 (KHTML, like Gecko) Chrome/136.0.0.0 Safari/537.36', '2025-05-28 08:42:40'),
(277, 1, 'Insert Product', 'tbl_product_master', '{\"product_name\":\"Forest 400g\",\"product_sku_code\":\"37\",\"fk_stock_availability_id\":\"1\",\"barcode\":null,\"description\":\"Description\",\"fk_product_types_id\":\"1\"}', '::1', 'Mozilla/5.0 (Windows NT 10.0; Win64; x64) AppleWebKit/537.36 (KHTML, like Gecko) Chrome/136.0.0.0 Safari/537.36', '2025-05-28 08:42:40'),
(278, 1, 'Insert Product Batch', 'tbl_product_batches', '{\"fk_product_id\":27,\"batch_no\":\"1210\",\"quantity\":\"14\",\"manufactured_date\":\"2024\\/10\\/20\",\"expiry_date\":\"2027\\/10\\/19\",\"purchase_date\":\"2025-01-01\"}', '::1', 'Mozilla/5.0 (Windows NT 10.0; Win64; x64) AppleWebKit/537.36 (KHTML, like Gecko) Chrome/136.0.0.0 Safari/537.36', '2025-05-28 08:42:40'),
(279, 1, 'Insert Product Price', 'tbl_product_price', '{\"fk_product_id\":27,\"fk_batch_id\":27,\"purchase_price\":\"115.5\",\"MRP\":\"900\",\"selling_price\":null}', '::1', 'Mozilla/5.0 (Windows NT 10.0; Win64; x64) AppleWebKit/537.36 (KHTML, like Gecko) Chrome/136.0.0.0 Safari/537.36', '2025-05-28 08:42:40'),
(280, 1, 'Insert Product Inventory', 'tbl_product_inventory', '{\"fk_product_id\":27,\"fk_batch_id\":27,\"fk_sourcing_partner_id\":\"1\",\"add_quantity\":\"14\",\"total_quantity\":\"14\",\"used_status\":1,\"fk_login_id\":\"1\",\"fk_inventory_entry_type\":\"1\"}', '::1', 'Mozilla/5.0 (Windows NT 10.0; Win64; x64) AppleWebKit/537.36 (KHTML, like Gecko) Chrome/136.0.0.0 Safari/537.36', '2025-05-28 08:42:40'),
(281, 1, 'Insert Product', 'tbl_product_master', '{\"product_name\":\"Forest 125g\",\"product_sku_code\":\"38\",\"fk_stock_availability_id\":\"1\",\"barcode\":null,\"description\":\"Description\",\"fk_product_types_id\":\"1\"}', '::1', 'Mozilla/5.0 (Windows NT 10.0; Win64; x64) AppleWebKit/537.36 (KHTML, like Gecko) Chrome/136.0.0.0 Safari/537.36', '2025-05-28 08:42:40'),
(282, 1, 'Insert Product Batch', 'tbl_product_batches', '{\"fk_product_id\":28,\"batch_no\":\"1210\",\"quantity\":\"10\",\"manufactured_date\":\"2024\\/10\\/20\",\"expiry_date\":\"2027\\/10\\/19\",\"purchase_date\":\"2025-01-01\"}', '::1', 'Mozilla/5.0 (Windows NT 10.0; Win64; x64) AppleWebKit/537.36 (KHTML, like Gecko) Chrome/136.0.0.0 Safari/537.36', '2025-05-28 08:42:40'),
(283, 1, 'Insert Product Price', 'tbl_product_price', '{\"fk_product_id\":28,\"fk_batch_id\":28,\"purchase_price\":\"115.5\",\"MRP\":\"400\",\"selling_price\":null}', '::1', 'Mozilla/5.0 (Windows NT 10.0; Win64; x64) AppleWebKit/537.36 (KHTML, like Gecko) Chrome/136.0.0.0 Safari/537.36', '2025-05-28 08:42:40'),
(284, 1, 'Insert Product Inventory', 'tbl_product_inventory', '{\"fk_product_id\":28,\"fk_batch_id\":28,\"fk_sourcing_partner_id\":\"1\",\"add_quantity\":\"10\",\"total_quantity\":\"10\",\"used_status\":1,\"fk_login_id\":\"1\",\"fk_inventory_entry_type\":\"1\"}', '::1', 'Mozilla/5.0 (Windows NT 10.0; Win64; x64) AppleWebKit/537.36 (KHTML, like Gecko) Chrome/136.0.0.0 Safari/537.36', '2025-05-28 08:42:40'),
(285, 1, 'Insert Product', 'tbl_product_master', '{\"product_name\":\"Kashmir White 250g\",\"product_sku_code\":\"23\",\"fk_stock_availability_id\":\"1\",\"barcode\":null,\"description\":\"Description\",\"fk_product_types_id\":\"1\"}', '::1', 'Mozilla/5.0 (Windows NT 10.0; Win64; x64) AppleWebKit/537.36 (KHTML, like Gecko) Chrome/136.0.0.0 Safari/537.36', '2025-05-28 08:42:41'),
(286, 1, 'Insert Product Batch', 'tbl_product_batches', '{\"fk_product_id\":29,\"batch_no\":\"1210\",\"quantity\":\"10\",\"manufactured_date\":\"2024\\/10\\/20\",\"expiry_date\":\"2027\\/10\\/19\",\"purchase_date\":\"2025-01-01\"}', '::1', 'Mozilla/5.0 (Windows NT 10.0; Win64; x64) AppleWebKit/537.36 (KHTML, like Gecko) Chrome/136.0.0.0 Safari/537.36', '2025-05-28 08:42:41'),
(287, 1, 'Insert Product Price', 'tbl_product_price', '{\"fk_product_id\":29,\"fk_batch_id\":29,\"purchase_price\":\"170\",\"MRP\":\"1000\",\"selling_price\":null}', '::1', 'Mozilla/5.0 (Windows NT 10.0; Win64; x64) AppleWebKit/537.36 (KHTML, like Gecko) Chrome/136.0.0.0 Safari/537.36', '2025-05-28 08:42:41'),
(288, 1, 'Insert Product Inventory', 'tbl_product_inventory', '{\"fk_product_id\":29,\"fk_batch_id\":29,\"fk_sourcing_partner_id\":\"1\",\"add_quantity\":\"10\",\"total_quantity\":\"10\",\"used_status\":1,\"fk_login_id\":\"1\",\"fk_inventory_entry_type\":\"1\"}', '::1', 'Mozilla/5.0 (Windows NT 10.0; Win64; x64) AppleWebKit/537.36 (KHTML, like Gecko) Chrome/136.0.0.0 Safari/537.36', '2025-05-28 08:42:41'),
(289, 1, 'Insert Product', 'tbl_product_master', '{\"product_name\":\"Kashmir White 500g\",\"product_sku_code\":\"24\",\"fk_stock_availability_id\":\"1\",\"barcode\":null,\"description\":\"Description\",\"fk_product_types_id\":\"1\"}', '::1', 'Mozilla/5.0 (Windows NT 10.0; Win64; x64) AppleWebKit/537.36 (KHTML, like Gecko) Chrome/136.0.0.0 Safari/537.36', '2025-05-28 08:42:41'),
(290, 1, 'Insert Product Batch', 'tbl_product_batches', '{\"fk_product_id\":30,\"batch_no\":\"1210\",\"quantity\":\"4\",\"manufactured_date\":\"2024\\/10\\/20\",\"expiry_date\":\"2027\\/10\\/19\",\"purchase_date\":\"2025-01-01\"}', '::1', 'Mozilla/5.0 (Windows NT 10.0; Win64; x64) AppleWebKit/537.36 (KHTML, like Gecko) Chrome/136.0.0.0 Safari/537.36', '2025-05-28 08:42:41'),
(291, 1, 'Insert Product Price', 'tbl_product_price', '{\"fk_product_id\":30,\"fk_batch_id\":30,\"purchase_price\":\"250\",\"MRP\":\"1500\",\"selling_price\":null}', '::1', 'Mozilla/5.0 (Windows NT 10.0; Win64; x64) AppleWebKit/537.36 (KHTML, like Gecko) Chrome/136.0.0.0 Safari/537.36', '2025-05-28 08:42:41'),
(292, 1, 'Insert Product Inventory', 'tbl_product_inventory', '{\"fk_product_id\":30,\"fk_batch_id\":30,\"fk_sourcing_partner_id\":\"1\",\"add_quantity\":\"4\",\"total_quantity\":\"4\",\"used_status\":1,\"fk_login_id\":\"1\",\"fk_inventory_entry_type\":\"1\"}', '::1', 'Mozilla/5.0 (Windows NT 10.0; Win64; x64) AppleWebKit/537.36 (KHTML, like Gecko) Chrome/136.0.0.0 Safari/537.36', '2025-05-28 08:42:41'),
(293, 1, 'Insert Product', 'tbl_product_master', '{\"product_name\":\"Rose Wood 250g\",\"product_sku_code\":\"27\",\"fk_stock_availability_id\":\"1\",\"barcode\":null,\"description\":\"Description\",\"fk_product_types_id\":\"1\"}', '::1', 'Mozilla/5.0 (Windows NT 10.0; Win64; x64) AppleWebKit/537.36 (KHTML, like Gecko) Chrome/136.0.0.0 Safari/537.36', '2025-05-28 08:42:41'),
(294, 1, 'Insert Product Batch', 'tbl_product_batches', '{\"fk_product_id\":31,\"batch_no\":\"1210\",\"quantity\":\"12\",\"manufactured_date\":\"2024\\/10\\/20\",\"expiry_date\":\"2027\\/10\\/19\",\"purchase_date\":\"2025-01-01\"}', '::1', 'Mozilla/5.0 (Windows NT 10.0; Win64; x64) AppleWebKit/537.36 (KHTML, like Gecko) Chrome/136.0.0.0 Safari/537.36', '2025-05-28 08:42:41'),
(295, 1, 'Insert Product Price', 'tbl_product_price', '{\"fk_product_id\":31,\"fk_batch_id\":31,\"purchase_price\":\"115.5\",\"MRP\":\"700\",\"selling_price\":null}', '::1', 'Mozilla/5.0 (Windows NT 10.0; Win64; x64) AppleWebKit/537.36 (KHTML, like Gecko) Chrome/136.0.0.0 Safari/537.36', '2025-05-28 08:42:42'),
(296, 1, 'Insert Product Inventory', 'tbl_product_inventory', '{\"fk_product_id\":31,\"fk_batch_id\":31,\"fk_sourcing_partner_id\":\"1\",\"add_quantity\":\"12\",\"total_quantity\":\"12\",\"used_status\":1,\"fk_login_id\":\"1\",\"fk_inventory_entry_type\":\"1\"}', '::1', 'Mozilla/5.0 (Windows NT 10.0; Win64; x64) AppleWebKit/537.36 (KHTML, like Gecko) Chrome/136.0.0.0 Safari/537.36', '2025-05-28 08:42:42'),
(297, 1, 'Insert Product', 'tbl_product_master', '{\"product_name\":\"Rose Wood 500g\",\"product_sku_code\":\"28\",\"fk_stock_availability_id\":\"1\",\"barcode\":null,\"description\":\"Description\",\"fk_product_types_id\":\"1\"}', '::1', 'Mozilla/5.0 (Windows NT 10.0; Win64; x64) AppleWebKit/537.36 (KHTML, like Gecko) Chrome/136.0.0.0 Safari/537.36', '2025-05-28 08:42:43'),
(298, 1, 'Insert Product Batch', 'tbl_product_batches', '{\"fk_product_id\":32,\"batch_no\":\"1210\",\"quantity\":\"5\",\"manufactured_date\":\"2024\\/10\\/20\",\"expiry_date\":\"2027\\/10\\/19\",\"purchase_date\":\"2025-01-01\"}', '::1', 'Mozilla/5.0 (Windows NT 10.0; Win64; x64) AppleWebKit/537.36 (KHTML, like Gecko) Chrome/136.0.0.0 Safari/537.36', '2025-05-28 08:42:43'),
(299, 1, 'Insert Product Price', 'tbl_product_price', '{\"fk_product_id\":32,\"fk_batch_id\":32,\"purchase_price\":\"115.5\",\"MRP\":\"1250\",\"selling_price\":null}', '::1', 'Mozilla/5.0 (Windows NT 10.0; Win64; x64) AppleWebKit/537.36 (KHTML, like Gecko) Chrome/136.0.0.0 Safari/537.36', '2025-05-28 08:42:43'),
(300, 1, 'Insert Product Inventory', 'tbl_product_inventory', '{\"fk_product_id\":32,\"fk_batch_id\":32,\"fk_sourcing_partner_id\":\"1\",\"add_quantity\":\"5\",\"total_quantity\":\"5\",\"used_status\":1,\"fk_login_id\":\"1\",\"fk_inventory_entry_type\":\"1\"}', '::1', 'Mozilla/5.0 (Windows NT 10.0; Win64; x64) AppleWebKit/537.36 (KHTML, like Gecko) Chrome/136.0.0.0 Safari/537.36', '2025-05-28 08:42:43'),
(301, 1, 'Insert Product', 'tbl_product_master', '{\"product_name\":\"Eucalyptus 250g\",\"product_sku_code\":\"25\",\"fk_stock_availability_id\":\"1\",\"barcode\":null,\"description\":\"Description\",\"fk_product_types_id\":\"1\"}', '::1', 'Mozilla/5.0 (Windows NT 10.0; Win64; x64) AppleWebKit/537.36 (KHTML, like Gecko) Chrome/136.0.0.0 Safari/537.36', '2025-05-28 08:42:43'),
(302, 1, 'Insert Product Batch', 'tbl_product_batches', '{\"fk_product_id\":33,\"batch_no\":\"1210\",\"quantity\":\"8\",\"manufactured_date\":\"2024\\/10\\/20\",\"expiry_date\":\"2027\\/10\\/19\",\"purchase_date\":\"2025-01-01\"}', '::1', 'Mozilla/5.0 (Windows NT 10.0; Win64; x64) AppleWebKit/537.36 (KHTML, like Gecko) Chrome/136.0.0.0 Safari/537.36', '2025-05-28 08:42:43'),
(303, 1, 'Insert Product Price', 'tbl_product_price', '{\"fk_product_id\":33,\"fk_batch_id\":33,\"purchase_price\":\"115.5\",\"MRP\":\"700\",\"selling_price\":null}', '::1', 'Mozilla/5.0 (Windows NT 10.0; Win64; x64) AppleWebKit/537.36 (KHTML, like Gecko) Chrome/136.0.0.0 Safari/537.36', '2025-05-28 08:42:43'),
(304, 1, 'Insert Product Inventory', 'tbl_product_inventory', '{\"fk_product_id\":33,\"fk_batch_id\":33,\"fk_sourcing_partner_id\":\"1\",\"add_quantity\":\"8\",\"total_quantity\":\"8\",\"used_status\":1,\"fk_login_id\":\"1\",\"fk_inventory_entry_type\":\"1\"}', '::1', 'Mozilla/5.0 (Windows NT 10.0; Win64; x64) AppleWebKit/537.36 (KHTML, like Gecko) Chrome/136.0.0.0 Safari/537.36', '2025-05-28 08:42:43'),
(305, 1, 'Insert Product', 'tbl_product_master', '{\"product_name\":\"Eucalyptus 500g\",\"product_sku_code\":\"26\",\"fk_stock_availability_id\":\"1\",\"barcode\":null,\"description\":\"Description\",\"fk_product_types_id\":\"1\"}', '::1', 'Mozilla/5.0 (Windows NT 10.0; Win64; x64) AppleWebKit/537.36 (KHTML, like Gecko) Chrome/136.0.0.0 Safari/537.36', '2025-05-28 08:42:44'),
(306, 1, 'Insert Product Batch', 'tbl_product_batches', '{\"fk_product_id\":34,\"batch_no\":\"1210\",\"quantity\":\"5\",\"manufactured_date\":\"2024\\/10\\/20\",\"expiry_date\":\"2027\\/10\\/19\",\"purchase_date\":\"2025-01-01\"}', '::1', 'Mozilla/5.0 (Windows NT 10.0; Win64; x64) AppleWebKit/537.36 (KHTML, like Gecko) Chrome/136.0.0.0 Safari/537.36', '2025-05-28 08:42:44'),
(307, 1, 'Insert Product Price', 'tbl_product_price', '{\"fk_product_id\":34,\"fk_batch_id\":34,\"purchase_price\":\"115.5\",\"MRP\":\"1250\",\"selling_price\":null}', '::1', 'Mozilla/5.0 (Windows NT 10.0; Win64; x64) AppleWebKit/537.36 (KHTML, like Gecko) Chrome/136.0.0.0 Safari/537.36', '2025-05-28 08:42:44'),
(308, 1, 'Insert Product Inventory', 'tbl_product_inventory', '{\"fk_product_id\":34,\"fk_batch_id\":34,\"fk_sourcing_partner_id\":\"1\",\"add_quantity\":\"5\",\"total_quantity\":\"5\",\"used_status\":1,\"fk_login_id\":\"1\",\"fk_inventory_entry_type\":\"1\"}', '::1', 'Mozilla/5.0 (Windows NT 10.0; Win64; x64) AppleWebKit/537.36 (KHTML, like Gecko) Chrome/136.0.0.0 Safari/537.36', '2025-05-28 08:42:44'),
(309, 1, 'Insert Product', 'tbl_product_master', '{\"product_name\":\"SIDR 250g\",\"product_sku_code\":\"17\",\"fk_stock_availability_id\":\"1\",\"barcode\":null,\"description\":\"Description\",\"fk_product_types_id\":\"1\"}', '::1', 'Mozilla/5.0 (Windows NT 10.0; Win64; x64) AppleWebKit/537.36 (KHTML, like Gecko) Chrome/136.0.0.0 Safari/537.36', '2025-05-28 08:42:44'),
(310, 1, 'Insert Product Batch', 'tbl_product_batches', '{\"fk_product_id\":35,\"batch_no\":\"1210\",\"quantity\":\"10\",\"manufactured_date\":\"2024\\/10\\/20\",\"expiry_date\":\"2027\\/10\\/19\",\"purchase_date\":\"2025-01-01\"}', '::1', 'Mozilla/5.0 (Windows NT 10.0; Win64; x64) AppleWebKit/537.36 (KHTML, like Gecko) Chrome/136.0.0.0 Safari/537.36', '2025-05-28 08:42:44'),
(311, 1, 'Insert Product Price', 'tbl_product_price', '{\"fk_product_id\":35,\"fk_batch_id\":35,\"purchase_price\":\"115.5\",\"MRP\":\"700\",\"selling_price\":null}', '::1', 'Mozilla/5.0 (Windows NT 10.0; Win64; x64) AppleWebKit/537.36 (KHTML, like Gecko) Chrome/136.0.0.0 Safari/537.36', '2025-05-28 08:42:44'),
(312, 1, 'Insert Product Inventory', 'tbl_product_inventory', '{\"fk_product_id\":35,\"fk_batch_id\":35,\"fk_sourcing_partner_id\":\"1\",\"add_quantity\":\"10\",\"total_quantity\":\"10\",\"used_status\":1,\"fk_login_id\":\"1\",\"fk_inventory_entry_type\":\"1\"}', '::1', 'Mozilla/5.0 (Windows NT 10.0; Win64; x64) AppleWebKit/537.36 (KHTML, like Gecko) Chrome/136.0.0.0 Safari/537.36', '2025-05-28 08:42:44'),
(313, 1, 'Insert Product', 'tbl_product_master', '{\"product_name\":\"SIDR 500g\",\"product_sku_code\":\"18\",\"fk_stock_availability_id\":\"1\",\"barcode\":null,\"description\":\"Description\",\"fk_product_types_id\":\"1\"}', '::1', 'Mozilla/5.0 (Windows NT 10.0; Win64; x64) AppleWebKit/537.36 (KHTML, like Gecko) Chrome/136.0.0.0 Safari/537.36', '2025-05-28 08:42:44'),
(314, 1, 'Insert Product Batch', 'tbl_product_batches', '{\"fk_product_id\":36,\"batch_no\":\"1210\",\"quantity\":\"5\",\"manufactured_date\":\"2024\\/10\\/20\",\"expiry_date\":\"2027\\/10\\/19\",\"purchase_date\":\"2025-01-01\"}', '::1', 'Mozilla/5.0 (Windows NT 10.0; Win64; x64) AppleWebKit/537.36 (KHTML, like Gecko) Chrome/136.0.0.0 Safari/537.36', '2025-05-28 08:42:44'),
(315, 1, 'Insert Product Price', 'tbl_product_price', '{\"fk_product_id\":36,\"fk_batch_id\":36,\"purchase_price\":\"115.5\",\"MRP\":\"1250\",\"selling_price\":null}', '::1', 'Mozilla/5.0 (Windows NT 10.0; Win64; x64) AppleWebKit/537.36 (KHTML, like Gecko) Chrome/136.0.0.0 Safari/537.36', '2025-05-28 08:42:44'),
(316, 1, 'Insert Product Inventory', 'tbl_product_inventory', '{\"fk_product_id\":36,\"fk_batch_id\":36,\"fk_sourcing_partner_id\":\"1\",\"add_quantity\":\"5\",\"total_quantity\":\"5\",\"used_status\":1,\"fk_login_id\":\"1\",\"fk_inventory_entry_type\":\"1\"}', '::1', 'Mozilla/5.0 (Windows NT 10.0; Win64; x64) AppleWebKit/537.36 (KHTML, like Gecko) Chrome/136.0.0.0 Safari/537.36', '2025-05-28 08:42:44'),
(317, 1, 'Insert Product', 'tbl_product_master', '{\"product_name\":\"CHIA SEEDS\",\"product_sku_code\":\"42\",\"fk_stock_availability_id\":\"1\",\"barcode\":null,\"description\":\"CHIA SEEDS\",\"fk_product_types_id\":\"2\"}', '::1', 'Mozilla/5.0 (Windows NT 10.0; Win64; x64) AppleWebKit/537.36 (KHTML, like Gecko) Chrome/136.0.0.0 Safari/537.36', '2025-05-28 09:59:21'),
(318, 1, 'Insert Product Batch', 'tbl_product_batches', '{\"fk_product_id\":37,\"batch_no\":\"NNO-1001\",\"quantity\":\"250\",\"manufactured_date\":\"2025\\/05\\/03\",\"expiry_date\":\"2025\\/05\\/02\",\"purchase_date\":\"2025\\/05\\/19\"}', '::1', 'Mozilla/5.0 (Windows NT 10.0; Win64; x64) AppleWebKit/537.36 (KHTML, like Gecko) Chrome/136.0.0.0 Safari/537.36', '2025-05-28 09:59:21'),
(319, 1, 'Insert Product Price', 'tbl_product_price', '{\"fk_product_id\":37,\"fk_batch_id\":37,\"purchase_price\":\"240\",\"MRP\":\"299\",\"selling_price\":\"299\"}', '::1', 'Mozilla/5.0 (Windows NT 10.0; Win64; x64) AppleWebKit/537.36 (KHTML, like Gecko) Chrome/136.0.0.0 Safari/537.36', '2025-05-28 09:59:21'),
(320, 1, 'Insert Product Inventory', 'tbl_product_inventory', '{\"fk_product_id\":37,\"fk_batch_id\":37,\"fk_sourcing_partner_id\":\"2\",\"add_quantity\":\"250\",\"total_quantity\":\"250\",\"used_status\":1,\"fk_login_id\":\"1\",\"fk_inventory_entry_type\":\"1\"}', '::1', 'Mozilla/5.0 (Windows NT 10.0; Win64; x64) AppleWebKit/537.36 (KHTML, like Gecko) Chrome/136.0.0.0 Safari/537.36', '2025-05-28 09:59:21'),
(321, 1, 'Insert Product', 'tbl_product_master', '{\"product_name\":\"FLAX SEEDS\",\"product_sku_code\":\"40\",\"fk_stock_availability_id\":\"1\",\"barcode\":null,\"description\":\"FLAX SEEDS\",\"fk_product_types_id\":\"2\"}', '::1', 'Mozilla/5.0 (Windows NT 10.0; Win64; x64) AppleWebKit/537.36 (KHTML, like Gecko) Chrome/136.0.0.0 Safari/537.36', '2025-05-28 09:59:21'),
(322, 1, 'Insert Product Batch', 'tbl_product_batches', '{\"fk_product_id\":38,\"batch_no\":\"NNO-1001\",\"quantity\":\"250\",\"manufactured_date\":\"2025\\/05\\/03\",\"expiry_date\":\"2025\\/05\\/02\",\"purchase_date\":\"2025\\/05\\/19\"}', '::1', 'Mozilla/5.0 (Windows NT 10.0; Win64; x64) AppleWebKit/537.36 (KHTML, like Gecko) Chrome/136.0.0.0 Safari/537.36', '2025-05-28 09:59:21'),
(323, 1, 'Insert Product Price', 'tbl_product_price', '{\"fk_product_id\":38,\"fk_batch_id\":38,\"purchase_price\":\"165\",\"MRP\":\"199\",\"selling_price\":\"199\"}', '::1', 'Mozilla/5.0 (Windows NT 10.0; Win64; x64) AppleWebKit/537.36 (KHTML, like Gecko) Chrome/136.0.0.0 Safari/537.36', '2025-05-28 09:59:21'),
(324, 1, 'Insert Product Inventory', 'tbl_product_inventory', '{\"fk_product_id\":38,\"fk_batch_id\":38,\"fk_sourcing_partner_id\":\"2\",\"add_quantity\":\"250\",\"total_quantity\":\"250\",\"used_status\":1,\"fk_login_id\":\"1\",\"fk_inventory_entry_type\":\"1\"}', '::1', 'Mozilla/5.0 (Windows NT 10.0; Win64; x64) AppleWebKit/537.36 (KHTML, like Gecko) Chrome/136.0.0.0 Safari/537.36', '2025-05-28 09:59:21'),
(325, 1, 'Insert Product', 'tbl_product_master', '{\"product_name\":\"PUMPKIN SEEDS\",\"product_sku_code\":\"41\",\"fk_stock_availability_id\":\"1\",\"barcode\":null,\"description\":\"PUMPKIN SEEDS\",\"fk_product_types_id\":\"2\"}', '::1', 'Mozilla/5.0 (Windows NT 10.0; Win64; x64) AppleWebKit/537.36 (KHTML, like Gecko) Chrome/136.0.0.0 Safari/537.36', '2025-05-28 09:59:22'),
(326, 1, 'Insert Product Batch', 'tbl_product_batches', '{\"fk_product_id\":39,\"batch_no\":\"NNO-1001\",\"quantity\":\"250\",\"manufactured_date\":\"2025\\/05\\/03\",\"expiry_date\":\"2025\\/05\\/02\",\"purchase_date\":\"2025\\/05\\/19\"}', '::1', 'Mozilla/5.0 (Windows NT 10.0; Win64; x64) AppleWebKit/537.36 (KHTML, like Gecko) Chrome/136.0.0.0 Safari/537.36', '2025-05-28 09:59:22'),
(327, 1, 'Insert Product Price', 'tbl_product_price', '{\"fk_product_id\":39,\"fk_batch_id\":39,\"purchase_price\":\"380\",\"MRP\":\"325\",\"selling_price\":\"325\"}', '::1', 'Mozilla/5.0 (Windows NT 10.0; Win64; x64) AppleWebKit/537.36 (KHTML, like Gecko) Chrome/136.0.0.0 Safari/537.36', '2025-05-28 09:59:22'),
(328, 1, 'Insert Product Inventory', 'tbl_product_inventory', '{\"fk_product_id\":39,\"fk_batch_id\":39,\"fk_sourcing_partner_id\":\"2\",\"add_quantity\":\"250\",\"total_quantity\":\"250\",\"used_status\":1,\"fk_login_id\":\"1\",\"fk_inventory_entry_type\":\"1\"}', '::1', 'Mozilla/5.0 (Windows NT 10.0; Win64; x64) AppleWebKit/537.36 (KHTML, like Gecko) Chrome/136.0.0.0 Safari/537.36', '2025-05-28 09:59:22'),
(329, 1, 'Insert Product', 'tbl_product_master', '{\"product_name\":\"SUNFLOWER SEEDS\",\"product_sku_code\":\"39\",\"fk_stock_availability_id\":\"1\",\"barcode\":null,\"description\":\"SUNFLOWER SEEDS\",\"fk_product_types_id\":\"2\"}', '::1', 'Mozilla/5.0 (Windows NT 10.0; Win64; x64) AppleWebKit/537.36 (KHTML, like Gecko) Chrome/136.0.0.0 Safari/537.36', '2025-05-28 09:59:22'),
(330, 1, 'Insert Product Batch', 'tbl_product_batches', '{\"fk_product_id\":40,\"batch_no\":\"NNO-1001\",\"quantity\":\"250\",\"manufactured_date\":\"2025\\/05\\/03\",\"expiry_date\":\"2025\\/05\\/02\",\"purchase_date\":\"2025\\/05\\/19\"}', '::1', 'Mozilla/5.0 (Windows NT 10.0; Win64; x64) AppleWebKit/537.36 (KHTML, like Gecko) Chrome/136.0.0.0 Safari/537.36', '2025-05-28 09:59:22'),
(331, 1, 'Insert Product Price', 'tbl_product_price', '{\"fk_product_id\":40,\"fk_batch_id\":40,\"purchase_price\":\"250\",\"MRP\":\"249\",\"selling_price\":\"249\"}', '::1', 'Mozilla/5.0 (Windows NT 10.0; Win64; x64) AppleWebKit/537.36 (KHTML, like Gecko) Chrome/136.0.0.0 Safari/537.36', '2025-05-28 09:59:22'),
(332, 1, 'Insert Product Inventory', 'tbl_product_inventory', '{\"fk_product_id\":40,\"fk_batch_id\":40,\"fk_sourcing_partner_id\":\"2\",\"add_quantity\":\"250\",\"total_quantity\":\"250\",\"used_status\":1,\"fk_login_id\":\"1\",\"fk_inventory_entry_type\":\"1\"}', '::1', 'Mozilla/5.0 (Windows NT 10.0; Win64; x64) AppleWebKit/537.36 (KHTML, like Gecko) Chrome/136.0.0.0 Safari/537.36', '2025-05-28 09:59:22');

--
-- Indexes for dumped tables
--

--
-- Indexes for table `tbl_attribute_master`
--
ALTER TABLE `tbl_attribute_master`
  ADD PRIMARY KEY (`id`),
  ADD KEY `id` (`id`,`fk_product_type_id`,`attribute_name`,`attribute_type`);

--
-- Indexes for table `tbl_attribute_values`
--
ALTER TABLE `tbl_attribute_values`
  ADD PRIMARY KEY (`id`),
  ADD KEY `id` (`id`,`fk_attribute_id`,`attribute_value`);

--
-- Indexes for table `tbl_inventory_entry_type`
--
ALTER TABLE `tbl_inventory_entry_type`
  ADD PRIMARY KEY (`id`);

--
-- Indexes for table `tbl_permissions`
--
ALTER TABLE `tbl_permissions`
  ADD PRIMARY KEY (`id`),
  ADD KEY `id` (`id`,`fk_role_id`,`fk_sidebar_id`,`can_view`,`can_add`,`can_edit`,`can_delete`),
  ADD KEY `has_access` (`has_access`);

--
-- Indexes for table `tbl_product_attributes`
--
ALTER TABLE `tbl_product_attributes`
  ADD PRIMARY KEY (`id`);

--
-- Indexes for table `tbl_product_batches`
--
ALTER TABLE `tbl_product_batches`
  ADD PRIMARY KEY (`id`),
  ADD KEY `id` (`id`,`fk_product_id`,`batch_no`,`quantity`,`expiry_date`,`manufactured_date`);

--
-- Indexes for table `tbl_product_inventory`
--
ALTER TABLE `tbl_product_inventory`
  ADD PRIMARY KEY (`id`),
  ADD KEY `id` (`id`,`fk_product_id`,`fk_sale_channel_id`,`add_quantity`,`deduct_quantity`,`total_quantity`),
  ADD KEY `fk_batch_id` (`fk_batch_id`);

--
-- Indexes for table `tbl_product_master`
--
ALTER TABLE `tbl_product_master`
  ADD PRIMARY KEY (`id`),
  ADD KEY `id` (`id`,`fk_stock_availability_id`,`product_sku_code`);

--
-- Indexes for table `tbl_product_price`
--
ALTER TABLE `tbl_product_price`
  ADD PRIMARY KEY (`id`),
  ADD KEY `fk_product_id` (`fk_product_id`),
  ADD KEY `id` (`id`,`purchase_price`,`MRP`,`selling_price`);

--
-- Indexes for table `tbl_product_types`
--
ALTER TABLE `tbl_product_types`
  ADD PRIMARY KEY (`id`),
  ADD KEY `id` (`id`,`product_type_name`);

--
-- Indexes for table `tbl_role`
--
ALTER TABLE `tbl_role`
  ADD PRIMARY KEY (`id`),
  ADD KEY `id` (`id`,`role_name`);

--
-- Indexes for table `tbl_sale_channel`
--
ALTER TABLE `tbl_sale_channel`
  ADD PRIMARY KEY (`id`),
  ADD KEY `id` (`id`,`sale_channel`);

--
-- Indexes for table `tbl_sidebar`
--
ALTER TABLE `tbl_sidebar`
  ADD PRIMARY KEY (`id`);

--
-- Indexes for table `tbl_sku_code_master`
--
ALTER TABLE `tbl_sku_code_master`
  ADD PRIMARY KEY (`id`),
  ADD KEY `id` (`id`,`sku_code`);

--
-- Indexes for table `tbl_sourcing_partner`
--
ALTER TABLE `tbl_sourcing_partner`
  ADD PRIMARY KEY (`id`);

--
-- Indexes for table `tbl_stock_availability`
--
ALTER TABLE `tbl_stock_availability`
  ADD PRIMARY KEY (`id`),
  ADD KEY `id` (`id`,`stock_availability`);

--
-- Indexes for table `tbl_user`
--
ALTER TABLE `tbl_user`
  ADD PRIMARY KEY (`id`),
  ADD KEY `id` (`id`,`name`,`email`,`fk_role_id`);

--
-- Indexes for table `tbl_user_log`
--
ALTER TABLE `tbl_user_log`
  ADD PRIMARY KEY (`id`);

--
-- AUTO_INCREMENT for dumped tables
--

--
-- AUTO_INCREMENT for table `tbl_attribute_master`
--
ALTER TABLE `tbl_attribute_master`
  MODIFY `id` int(11) NOT NULL AUTO_INCREMENT, AUTO_INCREMENT=6;

--
-- AUTO_INCREMENT for table `tbl_attribute_values`
--
ALTER TABLE `tbl_attribute_values`
  MODIFY `id` int(11) NOT NULL AUTO_INCREMENT, AUTO_INCREMENT=27;

--
-- AUTO_INCREMENT for table `tbl_inventory_entry_type`
--
ALTER TABLE `tbl_inventory_entry_type`
  MODIFY `id` int(11) NOT NULL AUTO_INCREMENT, AUTO_INCREMENT=6;

--
-- AUTO_INCREMENT for table `tbl_permissions`
--
ALTER TABLE `tbl_permissions`
  MODIFY `id` int(11) NOT NULL AUTO_INCREMENT, AUTO_INCREMENT=21;

--
-- AUTO_INCREMENT for table `tbl_product_attributes`
--
ALTER TABLE `tbl_product_attributes`
  MODIFY `id` bigint(20) NOT NULL AUTO_INCREMENT, AUTO_INCREMENT=117;

--
-- AUTO_INCREMENT for table `tbl_product_batches`
--
ALTER TABLE `tbl_product_batches`
  MODIFY `id` bigint(20) NOT NULL AUTO_INCREMENT, AUTO_INCREMENT=41;

--
-- AUTO_INCREMENT for table `tbl_product_inventory`
--
ALTER TABLE `tbl_product_inventory`
  MODIFY `id` bigint(20) NOT NULL AUTO_INCREMENT, AUTO_INCREMENT=41;

--
-- AUTO_INCREMENT for table `tbl_product_master`
--
ALTER TABLE `tbl_product_master`
  MODIFY `id` bigint(20) NOT NULL AUTO_INCREMENT, AUTO_INCREMENT=41;

--
-- AUTO_INCREMENT for table `tbl_product_price`
--
ALTER TABLE `tbl_product_price`
  MODIFY `id` bigint(20) NOT NULL AUTO_INCREMENT, AUTO_INCREMENT=41;

--
-- AUTO_INCREMENT for table `tbl_product_types`
--
ALTER TABLE `tbl_product_types`
  MODIFY `id` int(11) NOT NULL AUTO_INCREMENT, AUTO_INCREMENT=10;

--
-- AUTO_INCREMENT for table `tbl_role`
--
ALTER TABLE `tbl_role`
  MODIFY `id` bigint(20) NOT NULL AUTO_INCREMENT, AUTO_INCREMENT=4;

--
-- AUTO_INCREMENT for table `tbl_sale_channel`
--
ALTER TABLE `tbl_sale_channel`
  MODIFY `id` bigint(20) NOT NULL AUTO_INCREMENT, AUTO_INCREMENT=6;

--
-- AUTO_INCREMENT for table `tbl_sidebar`
--
ALTER TABLE `tbl_sidebar`
  MODIFY `id` bigint(20) NOT NULL AUTO_INCREMENT, AUTO_INCREMENT=13;

--
-- AUTO_INCREMENT for table `tbl_sku_code_master`
--
ALTER TABLE `tbl_sku_code_master`
  MODIFY `id` bigint(20) NOT NULL AUTO_INCREMENT, AUTO_INCREMENT=43;

--
-- AUTO_INCREMENT for table `tbl_sourcing_partner`
--
ALTER TABLE `tbl_sourcing_partner`
  MODIFY `id` bigint(20) NOT NULL AUTO_INCREMENT, AUTO_INCREMENT=3;

--
-- AUTO_INCREMENT for table `tbl_stock_availability`
--
ALTER TABLE `tbl_stock_availability`
  MODIFY `id` bigint(20) NOT NULL AUTO_INCREMENT, AUTO_INCREMENT=3;

--
-- AUTO_INCREMENT for table `tbl_user`
--
ALTER TABLE `tbl_user`
  MODIFY `id` bigint(20) NOT NULL AUTO_INCREMENT, AUTO_INCREMENT=4;

--
-- AUTO_INCREMENT for table `tbl_user_log`
--
ALTER TABLE `tbl_user_log`
  MODIFY `id` int(11) NOT NULL AUTO_INCREMENT, AUTO_INCREMENT=333;
COMMIT;

/*!40101 SET CHARACTER_SET_CLIENT=@OLD_CHARACTER_SET_CLIENT */;
/*!40101 SET CHARACTER_SET_RESULTS=@OLD_CHARACTER_SET_RESULTS */;
/*!40101 SET COLLATION_CONNECTION=@OLD_COLLATION_CONNECTION */;
